,date,code,name_x,weight,name_y,roe,net_profit_ratio,gross_profit_rate,net_profits,eps,business_income,bips,,,,name_y,roe,,
0,2019/10/31,600000,浦发银行,1.16,浦发银行,14.43,33.02,43.3231,53099,2.3764,160792,7.4377,,浦发银行,12.75,浦发银行,11.85,,1
1,2019/10/31,600004,白云机场,0.15,白云机场,12.94,22.6,39.6104,1393.853,1.2119,6166.6831,5.362,,白云机场,10.63,白云机场,7.23,,
2,2019/10/31,600009,上海机场,0.58,上海机场,12.58,40.36,45.1319,2805.6507,1.4559,6951.4745,3.6074,,上海机场,14.65,上海机场,14.98,,1
3,2019/10/31,600010,包钢股份,0.2,包钢股份,0.18,0.27,8.6016,85.0337,0.0026,31028.1803,0.9529,,包钢股份,4.17,包钢股份,6.33,,
4,2019/10/31,600011,华能国际,0.2,华能国际,10.81,7.74,21.4598,8814.2909,0.5798,113814.236,7.4875,,华能国际,2.37,华能国际,1.72,,
5,2019/10/31,600015,华夏银行,0.37,华夏银行,12.92,30.73,40.795,19677,1.8414,64025,5.9917,,华夏银行,11.79,华夏银行,9.6,,
6,2019/10/31,600016,民生银行,1.21,民生银行,13.96,30.82,38.764,47843,1.3112,155211,4.254,,民生银行,13.14,民生银行,11.98,,1
7,2019/10/31,600018,上港集团,0.15,上港集团,11.42,22.12,30.08,6939.0772,0.2994,31359.1785,1.3532,,上港集团,16.6,上港集团,13.6,,1
8,2019/10/31,600019,宝钢股份,0.41,宝钢股份,7.39,4.83,12.7291,8965.5141,0.545,185458.6496,11.2738,,宝钢股份,11.65,宝钢股份,12.2,,
9,2019/10/31,600023,浙能电力,0.13,浙能电力,10.77,16.02,22.3441,6277.0672,0.4615,39176.6123,2.8804,,浙能电力,7.13,浙能电力,6.59,,
10,2019/10/31,600025,华能水电,0.06,华能水电,1.5,4.39,44.3561,508.1679,0.0565,11552.0278,1.2856,,华能水电,5.55,华能水电,13.11,,
11,2019/10/31,600027,华电国际,0.09,华电国际,7.84,5.27,22.5938,3344.443,0.339,63346.051,6.4226,,华电国际,1.03,华电国际,3.25,,
12,2019/10/31,600028,中国石化,0.52,中国石化,6.51,2.4,22.7222,46416,0.3833,1930911,15.9485,,中国石化,7.02,中国石化,8.78,,
13,2019/10/31,600029,南方航空,0.18,南方航空,11.7,4.4,16.0577,5055,0.5148,114792,11.6925,,南方航空,11.92,南方航空,4.58,,
14,2019/10/31,600030,中信证券,1.35,中信证券,7.26,27.27,37.3722,10365.1686,0.8554,38001.9235,3.1362,,中信证券,7.63,中信证券,6.13,,
15,2019/10/31,600031,三一重工,0.63,三一重工,0.89,0.87,26.2055,203.457,0.0267,23280.072,3.0587,,三一重工,8.2,三一重工,19.42,,
16,2019/10/31,600036,招商银行,2.9,招商银行,15.42,29.7,37.1812,62081,2.4615,209025,8.2881,,招商银行,14.6,招商银行,14.91,,1
17,2019/10/31,600038,中直股份,0.11,中直股份,6.4,3.5,14.0658,439.1615,0.745,12521.514,21.2417,,中直股份,6.3,中直股份,6.61,,
18,2019/10/31,600048,保利地产,0.81,保利地产,13.91,8.02,28.9957,12421.5511,1.0475,154752.1381,13.0506,,保利地产,14.6,保利地产,15.5,,1
19,2019/10/31,600050,中国联通,0.45,中国联通,0.19,0.05,22.835,154.0741,0.0072,274196.7825,12.9358,,中国联通,0.31,中国联通,2.91,,
20,2019/10/31,600061,国投资本,0.16,国投资本,9.3,502.27,9.2834,2561.732,0.6934,510.0245,0.138,,国投资本,7.13,国投资本,4.61,,
21,2019/10/31,600066,宇通客车,0.15,宇通客车,29.76,11.27,27.8215,4043.7456,1.8264,35850.442,16.193,,宇通客车,20.18,宇通客车,13.83,,1
22,2019/10/31,600068,葛洲坝,0.13,葛洲坝,8.81,3.38,13.0538,3395.3126,0.7373,100254.1504,21.7717,,葛洲坝,11.41,葛洲坝,10.88,,
23,2019/10/31,600085,同仁堂,0.12,同仁堂,11.97,7.71,45.9777,933.1654,0.6804,12090.7401,8.8158,,同仁堂,12.08,同仁堂,12.24,,1
24,2019/10/31,600089,特变电工,0.19,特变电工,9.44,5.45,18.1944,2190.3482,0.6753,40117.4922,12.3687,,特变电工,7.46,特变电工,6.26,,
25,2019/10/31,600100,同方股份,0.16,同方股份,19.74,15.83,17.8683,4302.3293,1.4515,27174.3369,9.1684,,同方股份,0.48,同方股份,-24.26,,
26,2019/10/31,600104,上汽集团,0.65,上汽集团,16.67,4.28,12.867,32008.6107,2.9031,746236.7412,67.6823,,上汽集团,15.27,上汽集团,15.36,,1
27,2019/10/31,600109,国金证券,0.16,国金证券,7.42,27.8,35.0497,1298.7305,0.4294,4671.4624,1.5446,,国金证券,6.37,国金证券,5.18,,
28,2019/10/31,600111,北方稀土,0.17,北方稀土,1.09,1.77,21.5463,90.8356,0.025,5113.1632,1.4073,,北方稀土,4.53,北方稀土,6.32,,
29,2019/10/31,600115,东方航空,0.18,东方航空,9.55,4.57,16.2064,4508,0.3115,98560,6.8124,,东方航空,11.96,东方航空,4.85,,
30,2019/10/31,600118,中国卫星,0.1,中国卫星,8.15,6.27,13.5123,397.6643,0.3362,6337.2646,5.3592,,中国卫星,7.9,中国卫星,7.63,,
31,2019/10/31,600153,建发股份,0.1,建发股份,13.26,1.96,8.0188,2854.6628,1.0068,145590.8905,51.3511,,建发股份,14.1,建发股份,16.95,,1
32,2019/10/31,600170,上海建工,0.12,上海建工,9.08,1.56,10.2167,2095.5012,0.2938,133656.5351,18.7407,,上海建工,9.56,上海建工,8.94,,
33,2019/10/31,600176,中国巨石,0.13,中国巨石,13.87,20.42,44.7188,1521.0351,0.6253,7446.3337,3.0616,,中国巨石,17.26,中国巨石,16.67,,1
34,2019/10/31,600177,雅戈尔,0.18,雅戈尔,16.22,24.73,41.7287,3684.7473,1.4403,14894.9994,5.8225,,雅戈尔,1.21,雅戈尔,13.04,,
35,2019/10/31,600188,兖州煤业,0.07,兖州煤业,4.91,2.02,12.7844,2064.585,0.4203,101982.213,20.7617,,兖州煤业,12.32,兖州煤业,12.96,,
37,2019/10/31,600196,复星医药,0.2,复星医药,12.64,19.18,54.0745,2805.8371,1.162,14628.8204,6.0587,,复星医药,12.33,复星医药,9.67,,
38,2019/10/31,600208,新湖中宝,0.14,新湖中宝,20.09,42.84,20.2923,5838.4608,0.6789,13626.2422,1.5845,,新湖中宝,10.31,新湖中宝,7.45,,
39,2019/10/31,600219,南山铝业,0.12,南山铝业,4.14,9.92,22.6559,1312.7279,0.1418,13227.8862,1.4298,,南山铝业,4.92,南山铝业,3.76,,
40,2019/10/31,600221,海航控股,0.16,海航控股,5.6,7.71,22.9057,3138.255,0.1867,40678.13,2.4204,,海航控股,5.76,海航控股,-6.7,,
41,2019/10/31,600233,圆通速递,0.04,圆通速递,16.72,8.15,13.5576,1371.9352,0.4862,16817.8256,5.9611,,圆通速递,15.64,圆通速递,16.55,,1
42,2019/10/31,600271,航天信息,0.18,航天信息,16.7,5.99,17.1022,1535.9398,0.8316,25613.7766,13.8691,,航天信息,15.18,航天信息,14.55,,1
43,2019/10/31,600276,恒瑞医药,2.23,恒瑞医药,20.89,23.33,87.0681,2588.9521,1.1028,11093.7241,4.7258,,恒瑞医药,20.93,恒瑞医药,20.6,,1
44,2019/10/31,600297,广汇汽车,0.09,广汇汽车,11.89,2.06,8.8447,2802.9024,0.5095,135422.2631,24.6204,,广汇汽车,10.99,广汇汽车,8.8,,
45,2019/10/31,600299,安迪苏,0.02,安迪苏,15.44,17.45,47.4332,1865.3463,0.6955,10688.2631,3.9853,,安迪苏,10.05,安迪苏,6.8,,
46,2019/10/31,600309,万华化学,0.57,万华化学,24.82,12.22,31.0801,3679.4218,1.7015,30099.8615,13.92,,万华化学,40.81,万华化学,31.41,,1
47,2019/10/31,600332,白云山,0.15,白云山,8.69,7.52,33.0591,1508.0327,0.9275,20035.6815,12.3236,,白云山,10.92,白云山,15.86,,
48,2019/10/31,600339,中油工程,0.05,中油工程,7.78,2.54,8.8129,1287.5391,2.2269,50659.4413,87.6226,,中油工程,2.94,中油工程,4.06,,
49,2019/10/31,600340,华夏幸福,0.41,华夏幸福,25.59,12.06,33.0272,6491.5791,2.1968,53820.5875,18.2137,,华夏幸福,23.67,华夏幸福,26.83,,1
50,2019/10/31,600346,恒力石化,0.14,恒力石化,20.13,6.13,13.4601,1179.8343,0.4175,19239.9584,6.8089,,恒力石化,24.02,恒力石化,12.04,,1
51,2019/10/31,600352,浙江龙盛,0.29,浙江龙盛,12.98,16.42,37.0848,2029.0114,0.6236,12355.533,3.7978,,浙江龙盛,14.59,浙江龙盛,20.58,,1
52,2019/10/31,600362,江西铜业,0.12,江西铜业,1.69,0.38,3.4591,787.5381,0.2274,202308.2202,58.4244,,江西铜业,3.37,江西铜业,4.91,,
53,2019/10/31,600369,西南证券,0.1,西南证券,4.82,25.26,31.8751,917.5727,0.1625,3631.6596,0.6433,,西南证券,3.45,西南证券,1.21,,
54,2019/10/31,600372,中航电子,0.06,中航电子,7.66,6.61,33.1078,460.4136,0.2617,6958.6783,3.9556,,中航电子,7.63,中航电子,6.33,,
55,2019/10/31,600383,金地集团,0.21,金地集团,16.83,11.38,29.2723,6300.4607,1.3998,55329.4805,12.2931,,金地集团,16.78,金地集团,17.43,,1
56,2019/10/31,600390,五矿资本,0.04,五矿资本,10.99,17.41,4.1777,1557.0579,3.4504,8938.4178,19.8078,,五矿资本,7.9,五矿资本,6.92,,
57,2019/10/31,600398,海澜之家,0.11,海澜之家,31.08,18.36,38.9905,3122.6473,0.695,16999.5917,3.7837,,海澜之家,29.78,海澜之家,26.66,,1
58,2019/10/31,600406,国电南瑞,0.32,国电南瑞,16.35,12.67,22.7776,1447.1765,0.5958,11415.283,4.6996,,国电南瑞,16.72,国电南瑞,14.97,,1
59,2019/10/31,600415,小商品城,0.08,小商品城,10.45,15.06,43.4206,1060.2746,0.1947,7038.0316,1.2929,,小商品城,13.04,小商品城,9.2,,
60,2019/10/31,600436,片仔癀,0.26,片仔癀,15.34,23.21,48.9457,536.1319,0.8886,2308.9543,3.827,,片仔癀,19.51,片仔癀,22.78,,1
61,2019/10/31,600438,通威股份,0.2,通威股份,8.77,4.9,15.7326,1024.7244,0.2639,20884.049,5.3791,,通威股份,15.08,通威股份,13.69,,
62,2019/10/31,600482,中国动力,0.11,中国动力,4.21,5.17,17.3888,1073.249,0.617,20741.1862,11.9257,,中国动力,4.6,中国动力,5.19,,
63,2019/10/31,600487,亨通光电,0.16,亨通光电,22.5,6.82,21.0716,1316.3915,1.0605,19300.5464,15.549,,亨通光电,20.38,亨通光电,20.38,,1
64,2019/10/31,600489,中金黄金,0.11,中金黄金,2.73,0.93,8.5141,362.3692,0.1049,38928.0343,11.2797,,中金黄金,2.16,中金黄金,1.43,,
65,2019/10/31,600498,烽火通信,0.15,烽火通信,10.44,4.38,24.2917,760.4334,0.7268,17361.0783,16.5932,,烽火通信,8.65,烽火通信,8.43,,
66,2019/10/31,600516,方大炭素,0.14,方大炭素,1.15,2.81,25.4047,67.4489,0.0392,2395.2916,1.3932,,方大炭素,37.31,方大炭素,44.29,,1
67,2019/10/31,600519,贵州茅台,4.69,贵州茅台,22.93,43.01,91.2251,16718.3627,13.3087,38862.19,30.9363,,贵州茅台,29.61,贵州茅台,31.19,,1
68,2019/10/31,600522,中天科技,0.16,中天科技,13.29,7.52,16.3837,1588.0483,0.6082,21107.9503,8.0849,,中天科技,10.15,中天科技,11,,1
69,2019/10/31,600535,天士力,0.11,天士力,14.77,8.43,36.5127,1176.4249,1.0888,13945.497,12.9068,,天士力,15.9,天士力,14.66,,1
70,2019/10/31,600547,山东黄金,0.26,山东黄金,8.33,2.57,8.7646,1292.7761,0.6961,50198.8526,27.0305,,山东黄金,6.96,山东黄金,4.05,,
71,2019/10/31,600566,济川药业,0.06,济川药业,25.54,19.97,85.2401,934.1829,1.1538,4677.8916,5.7778,,济川药业,27.79,济川药业,30.92,,1
72,2019/10/31,600570,恒生电子,0.39,恒生电子,0.76,0.84,95.4152,18.2914,0.0296,2170.1662,3.5127,,恒生电子,15.33,恒生电子,20.28,,
73,2019/10/31,600583,海油工程,0.11,海油工程,5.68,10.96,15.8149,1315.3071,0.2974,11991.6833,2.7122,,海油工程,2.12,海油工程,0.34,,
74,2019/10/31,600585,海螺水泥,0.67,海螺水泥,11.13,15.25,32.4715,8529.9168,1.6096,55931.901,10.5545,,海螺水泥,17.73,海螺水泥,26.45,,1
75,2019/10/31,600588,用友网络,0.29,用友网络,3.47,3.86,68.6396,197.3917,0.1348,5113.3489,3.492,,用友网络,6.65,用友网络,9.31,,
76,2019/10/31,600606,绿地控股,0.2,绿地控股,12.8,2.91,15.1131,7207.2992,0.5923,247160.2171,20.312,,绿地控股,14.45,绿地控股,16.22,,1
77,2019/10/31,600637,东方明珠,0.15,东方明珠,11.07,15.08,26.1647,2934.0142,1.117,19445.4864,7.4034,,东方明珠,8.11,东方明珠,7.13,,
78,2019/10/31,600660,福耀玻璃,0.24,福耀玻璃,17.43,18.91,43.0653,3144.2273,1.2533,16621.3363,6.6256,,福耀玻璃,16.57,福耀玻璃,20.4,,1
79,2019/10/31,600663,陆家嘴,0.1,陆家嘴,19.39,20.68,47.1955,2648.736,0.7878,12807.1481,3.8095,,陆家嘴,21.85,陆家嘴,20.81,,1
80,2019/10/31,600674,川投能源,0.14,川投能源,17.12,351.19,39.6729,3516.494,0.7988,1001.2951,0.2274,,川投能源,14.52,川投能源,14.37,,1
81,2019/10/31,600688,上海石化,0.07,上海石化,24.06,7.64,28.4372,5955.576,0.5514,77894.285,7.2124,,上海石化,21.73,上海石化,17.37,,1
82,2019/10/31,600690,海尔智家,0.46,海尔智家,19.1,4.23,31.024,5036.6522,0.826,119065.8252,19.5265,,海尔智家,21.49,海尔智家,18.88,,1
83,2019/10/31,600703,三安光电,0.29,三安光电,12.42,34.54,41.6464,2166.6523,0.5312,6272.6027,1.5379,,三安光电,16,三安光电,13.31,,1
84,2019/10/31,600704,物产中大,0.08,物产中大,10.68,1.04,3.4378,2154.3236,0.7503,206898.8724,72.062,,物产中大,10.18,物产中大,10.04,,1
85,2019/10/31,600705,中航资本,0.2,中航资本,10.45,55.33,55.4331,2324.1449,0.2589,4199.8431,0.4678,,中航资本,11.96,中航资本,11.42,,1
86,2019/10/31,600733,北汽蓝谷,0.02,北汽蓝谷,-18.07,-622.28,48.2773,-33.4021,-0.169,5.3676,0.0271,,北汽蓝谷,4.01,北汽蓝谷,0.95,,
87,2019/10/31,600741,华域汽车,0.31,华域汽车,15.94,4.88,14.6596,6075.7586,1.9271,124295.813,39.4248,,华域汽车,15.87,华域汽车,17.69,,1
88,2019/10/31,600760,中航沈飞,0.1,中航沈飞,8.06,3.08,6.978,36.1143,0.1046,1170.81,3.3942,,中航沈飞,9.9,中航沈飞,9.45,,
89,2019/10/31,600795,国电电力,0.22,国电电力,9.08,8.09,25.5801,4727.2837,0.2405,58416.0498,2.9727,,国电电力,4.31,国电电力,2.69,,
90,2019/10/31,600809,山西汾酒,0.18,山西汾酒,12.71,13.73,68.6821,605.126,0.6988,4404.9483,5.0874,,山西汾酒,18.03,山西汾酒,23.6,,1
91,2019/10/31,600816,安信信托,0.07,安信信托,22.11,57.83,76.6799,3033.9474,1.4645,5245.959,2.5322,,安信信托,22.65,安信信托,-15.25,,
92,2019/10/31,600837,海通证券,0.9,海通证券,7.3,28.71,38.0164,8043.3345,0.6993,28011.6653,2.4354,,海通证券,7.31,海通证券,4.42,,
93,2019/10/31,600867,通化东宝,0.15,通化东宝,16.27,31.41,75.8942,640.9234,0.4507,2040.3945,1.4349,,通化东宝,18.47,通化东宝,17.75,,1
94,2019/10/31,600886,国投电力,0.22,国投电力,13.65,13.38,48.4106,3916.4476,0.5771,29270.803,4.3133,,国投电力,10.57,国投电力,11.57,,1
95,2019/10/31,600887,伊利股份,1.4,伊利股份,24.52,9.38,37.9436,5661.8077,0.9335,60312.0097,9.9445,,伊利股份,23.9,伊利股份,23.06,,1
96,2019/10/31,600893,航发动力,0.15,航发动力,5.7,4,19.5068,890.6955,0.457,22217.2857,11.4009,,航发动力,3.72,航发动力,4.02,,
97,2019/10/31,600900,长江电力,0.93,长江电力,16.21,42.46,60.6902,20781.1826,0.9445,48939.3887,2.2245,,长江电力,16.47,长江电力,15.9,,1
98,2019/10/31,600919,江苏银行,0.39,江苏银行,12.83,33.83,42.9502,10610.579,0.9191,31359.045,2.7163,,江苏银行,10.68,江苏银行,10.65,,1
99,2019/10/31,600926,杭州银行,0.15,杭州银行,10.42,29.27,34.372,4020.927,1.5362,13732.844,5.2466,,杭州银行,8.77,杭州银行,9.46,,
100,2019/10/31,600958,东方证券,0.28,东方证券,5.71,33.64,37.8574,2313.9749,0.3722,6876.939,1.1064,,东方证券,6.7,东方证券,2.37,,
101,2019/10/31,600977,中国电影,0.08,中国电影,9.38,11.7,20.7094,917.4542,0.4914,7840.7122,4.1996,,中国电影,9.33,中国电影,13.37,,
102,2019/10/31,600998,九州通,0.06,九州通,7.77,1.42,7.837,876.7418,0.5323,61556.8399,37.3745,,九州通,7.89,九州通,7.25,,
103,2019/10/31,600999,招商证券,0.37,招商证券,9.03,46.2,54.6089,5403.4506,0.8065,11695.4536,1.7457,,招商证券,7.3,招商证券,5.48,,
104,2019/10/31,601006,大秦铁路,0.36,大秦铁路,7.98,16.06,17.1941,7168.4875,0.4821,44624.88,3.0016,,大秦铁路,13.42,大秦铁路,13.65,,
105,2019/10/31,601009,南京银行,0.41,南京银行,13.34,31.03,39.4865,8261.635,1.3635,26620.668,4.3937,,南京银行,14.35,南京银行,14.23,,1
106,2019/10/31,601012,隆基股份,0.46,隆基股份,15.33,13.41,27.4844,1547.2358,0.7749,11530.5335,5.7749,,隆基股份,25.11,隆基股份,15.54,,1
107,2019/10/31,601018,宁波港,0.12,宁波港,6.64,14.08,24.8675,2298.92,0.1745,16325.329,1.2393,,宁波港,7.35,宁波港,7.52,,
108,2019/10/31,601021,春秋航空,0.13,春秋航空,12.97,11.27,12.8004,950.519,1.1872,8429.4043,10.5291,,春秋航空,14.9,春秋航空,11.27,,1
109,2019/10/31,601066,中信建投,0.08,中信建投,12.8,39.66,52.6967,5259.2517,0.8621,13258.7704,2.1735,,中信建投,9.17,中信建投,6.48,,
110,2019/10/31,601088,中国神华,0.48,中国神华,7.27,12.4,39.5125,22712,1.1419,183127,9.2071,,中国神华,14.93,中国神华,13.38,,
111,2019/10/31,601108,财通证券,0.2,财通证券,9.26,40.24,50.9911,1222.8236,0.6793,3038.1243,1.6878,,财通证券,7.23,财通证券,4.16,,
112,2019/10/31,601111,中国国航,0.2,中国国航,9.89,5.97,23.4822,6814.015,0.5207,113963.99,8.7096,,中国国航,8.4,中国国航,7.87,,
113,2019/10/31,601117,中国化学,0.09,中国化学,6.44,3.33,14.0169,1770.3843,0.3588,53075.7556,10.7593,,中国化学,5.49,中国化学,5.88,,
114,2019/10/31,601138,工业富联,0.15,工业富联,18.58,5.26,10.6486,14365.697,0.8104,272712.651,15.385,,工业富联,56.34,工业富联,23.37,,1
115,2019/10/31,601155,新城控股,0.23,新城控股,20.32,10.79,27.8703,3019.2285,1.3365,27969.2825,12.3813,,新城控股,29.23,新城控股,34.4,,1
116,2019/10/31,601162,天风证券,0.03,天风证券,6.26,21.67,36.2603,671.5677,2.1319,3097.9197,9.8346,,天风证券,3.66,天风证券,2.45,,
117,2019/10/31,601166,兴业银行,2.16,兴业银行,15.38,34.28,40.3553,53850,2.7662,157060,8.2436,,兴业银行,13.72,兴业银行,13,,1
118,2019/10/31,601169,北京银行,0.65,北京银行,12.52,37.51,47.0562,17802,1.1706,47456,3.1207,,北京银行,10.71,北京银行,10.39,,1
119,2019/10/31,601186,中国铁建,0.34,中国铁建,10.67,2.22,9.2082,13999.61,1.0309,629327.09,46.3437,,中国铁建,10.74,中国铁建,10.55,,1
120,2019/10/31,601198,东兴证券,0.12,东兴证券,7.38,37.86,45.7374,1352.9293,0.4905,3573.1576,1.2955,,东兴证券,6.81,东兴证券,5.13,,
121,2019/10/31,601211,国泰君安,0.61,国泰君安,9.84,38.19,54.6057,9841.4167,1.2906,25764.6517,3.3789,,国泰君安,8.02,国泰君安,5.43,,
122,2019/10/31,601212,白银有色,0.02,白银有色,2.26,0.44,3.0645,251.5244,0.04,55949.6032,8.9163,,白银有色,2.3,白银有色,0.26,,
123,2019/10/31,601216,君正集团,0.08,君正集团,11.58,27.71,43.147,1583.9184,0.1877,5714.0537,0.6771,,君正集团,13.63,君正集团,13.93,,1
124,2019/10/31,601225,陕西煤业,0.27,陕西煤业,8.01,8.31,43.3888,2754.8853,0.2754,33131.7464,3.3131,,陕西煤业,23.62,陕西煤业,21.69,,
125,2019/10/31,601228,广州港,0.06,广州港,6.71,8.67,25.4858,670.8788,0.1221,7737.3872,1.4082,,广州港,5.77,广州港,5.72,,
126,2019/10/31,601229,上海银行,0.53,上海银行,12.35,41.58,47.1193,14308.265,2.3829,34408.813,5.7305,,上海银行,10.42,上海银行,11.18,,1
127,2019/10/31,601238,广汽集团,0.08,广汽集团,14.35,12.72,19.951,6288.2159,0.9744,49417.6762,7.6576,,广汽集团,15.54,广汽集团,14.24,,1
128,2019/10/31,601288,农业银行,1.1,农业银行,13.95,36.35,44.385,183941,0.5663,506016,1.5579,,农业银行,13.52,农业银行,12.14,,1
129,2019/10/31,601298,青岛港,0.03,青岛港,15.35,25.17,30.3013,2186.1535,0.3621,8684.1897,1.4385,,青岛港,12.91,青岛港,13.31,,1
130,2019/10/31,601318,中国平安,7.56,中国平安,16.27,8.75,13.1051,62394,3.4131,712453,38.9739,,中国平安,18.82,中国平安,19.29,,1
131,2019/10/31,601319,中国人保,0.07,中国人保,11.41,3.22,5.7845,14334,0.3378,444672,10.4816,,中国人保,11.7,中国人保,8.82,,
132,2019/10/31,601328,交通银行,1.22,交通银行,10.68,34.8,44.1933,67210,0.8931,193129,2.6006,,交通银行,10.46,交通银行,10.54,,1
133,2019/10/31,601336,新华保险,0.32,新华保险,8.35,3.38,4.4228,4942,1.5842,146173,46.8571,,新华保险,8.44,新华保险,12.07,,
134,2019/10/31,601360,三六零,0.07,三六零,9.43,6.59,31.4939,159.4474,0.4014,2417.2473,6.0859,,三六零,21.01,三六零,14.73,,
135,2019/10/31,601377,兴业证券,0.24,兴业证券,6.45,26.96,38.331,2046.3214,0.3055,7589.0669,1.1332,,兴业证券,6.83,兴业证券,0.41,,
136,2019/10/31,601390,中国中铁,0.37,中国中铁,8.91,1.95,8.5878,12509.165,0.5475,639406.523,27.9897,,中国中铁,10.34,中国中铁,8.96,,
137,2019/10/31,601398,工商银行,1.01,工商银行,14.12,41.16,53.3096,278249,0.7682,675891,1.8964,,工商银行,13.44,工商银行,12.77,,1
138,2019/10/31,601555,东吴证券,0.17,东吴证券,7.4,32.25,41.7131,1498.2885,0.4994,4645.226,1.5484,,东吴证券,3.78,东吴证券,1.77,,
139,2019/10/31,601577,长沙银行,0.03,长沙银行,15.99,31.77,42.5313,3190.076,1.7644,10040.28,5.5532,,长沙银行,16.88,长沙银行,14.44,,1
140,2019/10/31,601600,中国铝业,0.18,中国铝业,1.05,0.27,7.5347,402.494,0.027,144065.518,9.6663,,中国铝业,3.49,中国铝业,1.66,,
141,2019/10/31,601601,中国太保,0.86,中国太保,9.15,4.51,6.0192,12057,1.3305,267014,29.4652,,中国太保,10.66,中国太保,12.04,,
142,2019/10/31,601607,上海医药,0.17,上海医药,10.1,2.64,11.7864,3196.3946,1.1887,120764.6603,44.9121,,上海医药,10.34,上海医药,9.94,,
143,2019/10/31,601618,中国中冶,0.16,中国中冶,7.61,2.44,12.8384,5375.858,0.2813,219557.579,11.4891,,中国中冶,7.34,中国中冶,7.59,,
144,2019/10/31,601628,中国人寿,0.44,中国人寿,6.29,3.47,4.3756,19127,0.6767,549771,19.4507,,中国人寿,10.04,中国人寿,3.57,,
145,2019/10/31,601633,长城汽车,0.09,长城汽车,22.3,10.71,24.4642,10551.1589,1.156,98443.6651,10.7856,,长城汽车,10.23,长城汽车,9.91,,
146,2019/10/31,601668,中国建筑,0.87,中国建筑,15.68,3.11,10.1043,29870.104,0.9956,959765.486,31.9921,,中国建筑,15.33,中国建筑,15.67,,1
147,2019/10/31,601669,中国电建,0.27,中国电建,10.98,2.83,12.9912,6771.8125,0.4923,238695.8968,17.3538,,中国电建,9.34,中国电建,8.93,,
148,2019/10/31,601688,华泰证券,0.5,华泰证券,7.43,37.06,49.642,6270.6115,0.8754,16917.0194,2.3617,,华泰证券,10.62,华泰证券,4.86,,
149,2019/10/31,601727,上海电气,0.14,上海电气,4.56,2.6,21.6781,2060.17,0.1533,79078.361,5.8876,,上海电气,4.78,上海电气,5.26,,
150,2019/10/31,601766,中国中车,0.56,中国中车,10.77,4.91,20.7892,11295.596,0.4139,229722.154,8.4181,,中国中车,8.88,中国中车,8.8,,
151,2019/10/31,601788,光大证券,0.18,光大证券,6.38,32.87,41.5851,3013.0192,0.6534,9164.6391,1.9876,,光大证券,6.2,光大证券,0.21,,
152,2019/10/31,601800,中国交建,0.18,中国交建,10.48,3.87,14.9021,16743.0742,0.9907,431743.4298,26.6924,,中国交建,11.35,中国交建,9.98,,
153,2019/10/31,601808,中海油服,0.07,中海油服,-32.54,-75.6,-14.1472,-11456.1863,-2.4009,15152.1854,3.1754,,中海油服,0.09,中海油服,0.2,,
154,2019/10/31,601818,光大银行,0.55,光大银行,12.1,32.25,42.4695,30329,0.627,94037,2.0145,,光大银行,10.35,光大银行,10.46,,1
155,2019/10/31,601828,美凯龙,0.03,美凯龙,9.29,36,72.3109,3397.1832,1.1323,9436.0818,3.1453,,美凯龙,10.08,美凯龙,10.73,,
156,2019/10/31,601838,成都银行,0.12,成都银行,11.76,29.93,36.1129,2577.485,0.7928,8610.388,2.6485,,成都银行,15.66,成都银行,14.9,,1
157,2019/10/31,601857,中国石油,0.38,中国石油,0.66,0.48,23.5757,7900,0.0431,1616903,8.8345,,中国石油,1.9,中国石油,4.32,,
158,2019/10/31,601877,正泰电器,0.16,正泰电器,16.32,10.83,29.9096,2184.7635,1.1609,20164.5453,10.7148,,正泰电器,14.2,正泰电器,16.59,,1
159,2019/10/31,601878,浙商证券,0.09,浙商证券,12.97,27,35.3772,1240.8923,0.4136,4594.903,1.5316,,浙商证券,7.86,浙商证券,5.39,,
160,2019/10/31,601881,中国银河,0.11,中国银河,8.88,38.92,49.4648,5153.5462,0.5403,13239.9174,1.3882,,中国银河,6.17,中国银河,4.37,,
161,2019/10/31,601888,中国国旅,0.7,中国国旅,14.35,8.07,25.0723,1808.1905,1.8522,22389.7937,22.9347,,中国国旅,18.03,中国国旅,19.06,,1
162,2019/10/31,601898,中煤能源,0.07,中煤能源,2.35,3.34,33.4985,2026.53,0.1528,60631.613,4.5729,,中煤能源,2.71,中煤能源,3.72,,
163,2019/10/31,601899,紫金矿业,0.32,紫金矿业,6.62,2.33,11.5013,1839.7988,0.0854,78851.1378,3.6605,,紫金矿业,10.02,紫金矿业,10.11,,
164,2019/10/31,601901,方正证券,0.22,方正证券,7.25,33.11,40.6014,2569.3369,0.3121,7759.8968,0.9426,,方正证券,3.88,方正证券,1.75,,
165,2019/10/31,601919,中远海控,0.14,中远海控,-54.06,-13.92,-0.9916,-9906.0036,-0.9696,71160.1809,6.9653,,中远海控,12.87,中远海控,5.37,,
166,2019/10/31,601933,永辉超市,0.25,永辉超市,6.46,2.52,20.1897,1242.0057,0.1297,49231.6458,5.1441,,永辉超市,9.08,永辉超市,7.64,,
167,2019/10/31,601939,建设银行,0.39,建设银行,14.68,38.25,48.3216,231460,0.9215,605090,2.4202,,建设银行,13.61,建设银行,12.88,,1
168,2019/10/31,601985,中国核电,0.19,中国核电,11.03,14.95,40.9999,4488.6738,0.2883,30008.7417,1.9279,,中国核电,10.34,中国核电,10.2,,1
169,2019/10/31,601988,中国银行,0.62,中国银行,11.65,34.02,45.4916,164578,0.559,483630,1.6428,,中国银行,11.52,中国银行,11.16,,1
170,2019/10/31,601989,中国重工,0.38,中国重工,1.23,1.34,8.2765,698.0336,0.038,52064.1312,2.8354,,中国重工,1.31,中国重工,0.79,,
171,2019/10/31,601992,金隅集团,0.09,金隅集团,6.07,5.62,23.4542,2686.6539,0.2516,47738.7727,4.4708,,金隅集团,5.54,金隅集团,5.65,,
172,2019/10/31,601997,贵阳银行,0.14,贵阳银行,17.28,35.96,41.3158,3654.319,1.5898,10159.448,4.4198,,贵阳银行,18.33,贵阳银行,14.74,,1
173,2019/10/31,601998,中信银行,0.15,中信银行,10.97,27.07,35.5239,41629,0.8507,153781,3.1425,,中信银行,10.65,中信银行,10.19,,1
174,2019/10/31,603019,中科曙光,0.17,中科曙光,7.71,5.14,20.8562,224.2502,0.3487,4360.1485,6.7806,,中科曙光,9.81,中科曙光,11.27,,
175,2019/10/31,603156,养元饮品,0.09,养元饮品,45.87,30.79,49.9298,2740.6942,5.5367,8900.349,17.9805,,养元饮品,31.48,养元饮品,22.67,,1
176,2019/10/31,603160,汇顶科技,0.13,汇顶科技,31.33,27.82,47.1445,856.824,1.9254,3079.3313,6.9198,,汇顶科技,25.44,汇顶科技,18.07,,1
177,2019/10/31,603259,药明康德,0.11,药明康德,17.5,15.94,40.7583,974.9803,1.0396,6116.1309,6.5218,,药明康德,19.34,药明康德,12.77,,1
178,2019/10/31,603260,合盛硅业,0.03,合盛硅业,24.64,14.24,30.7779,651.6034,1.086,4575.2744,7.6254,,合盛硅业,28.01,合盛硅业,35.36,,1
179,2019/10/31,603288,海天味业,0.72,海天味业,28.39,22.82,43.9486,2843.134,1.051,12458.5589,4.6058,,海天味业,30.04,海天味业,31.45,,1
180,2019/10/31,603799,华友钴业,0.13,华友钴业,1.59,1.41,16.317,69.2375,0.1168,4889.3851,8.2496,,华友钴业,31.46,华友钴业,20.1,,1
181,2019/10/31,603833,欧派家居,0.11,欧派家居,32.94,13.31,36.5472,949.5621,2.5417,7134.1306,19.0966,,欧派家居,20.88,欧派家居,20.78,,1
182,2019/10/31,603858,步长制药,0.09,步长制药,14.03,14.36,83.1728,1769.3646,2.5951,12320.8831,18.0711,,步长制药,12.46,步长制药,13.74,,1
183,2019/10/31,603986,兆易创新,0.19,兆易创新,13.79,11.84,26.7207,176.4276,1.7642,1488.9482,14.8894,,兆易创新,22.62,兆易创新,21.34,,1
184,2019/10/31,603993,洛阳钼业,0.19,洛阳钼业,5.32,14.36,33.4661,998.0406,0.0591,6949.571,0.4115,,洛阳钼业,7.14,洛阳钼业,11.32,,
185,2019/10/31,1,平安银行,1.22,平安银行,11.17,20.98,27.6461,22599,1.3161,107715,6.2732,,平安银行,10.44,平安银行,10.33,,1
186,2019/10/31,2,万科Ａ,1.02,万科A,18.53,8.74,29.4144,21022.6063,1.9043,240477.2369,21.784,,万科A,21.14,万科A,21.68,,1
187,2019/10/31,63,中兴通讯,0.63,中兴通讯,-6.59,-2.32,30.7533,-2357.418,-0.5633,101233.182,24.1916,,中兴通讯,11.15,中兴通讯,-23.95,,
188,2019/10/31,69,华侨城Ａ,0.23,华侨城A,15.75,19.41,53.2583,6888.4179,0.8394,35481.1048,4.3239,,华侨城A,16.6,华侨城A,17.9,,1
189,2019/10/31,100,TCL集团,0.28,TCL集团,7.03,1.5,16.9088,1602.126,0.1311,106473.5,8.7175,,TCL集团,8.95,TCL集团,11.37,,
190,2019/10/31,157,中联重科,0.24,中联重科,-2.53,-4.66,23.8623,-933.6975,-0.1218,20022.5167,2.6124,,中联重科,3.54,中联重科,5.28,,
191,2019/10/31,166,申万宏源,0.34,申万宏源,10.34,36.74,42.3685,5409.0583,0.2696,14719.9761,0.7339,,申万宏源,8.33,申万宏源,5.99,,
192,2019/10/31,333,美的集团,2.13,美的集团,24.02,9.23,27.306,14684.357,2.2735,159044.041,24.6245,,美的集团,23.43,美的集团,24.35,,1
193,2019/10/31,338,潍柴动力,0.44,潍柴动力,7.69,2.61,22.6258,2441.1886,0.6105,93183.5214,23.3039,,潍柴动力,19.32,潍柴动力,22.02,,
194,2019/10/31,402,金 融 街,0.07,金融街,10.1,14.12,30.0345,2804.3704,0.9382,19852.5437,6.642,,金融街,10.17,金融街,10.22,,1
195,2019/10/31,408,藏格控股,0.04,藏格控股,15.3,35.03,71.6593,911.8098,0.44,2602.8842,1.256,,藏格控股,18.58,藏格控股,16.57,,1
196,2019/10/31,413,东旭光电,0.17,东旭光电,,,,,,,,,,,东旭光电,6.65,,
197,2019/10/31,415,渤海租赁,0.05,渤海租赁,5.58,17.96,30.1351,1239.9289,0.251,6901.3211,1.397,,渤海租赁,8.31,渤海租赁,6.37,,
198,2019/10/31,423,东阿阿胶,0.13,东阿阿胶,22.16,29.32,66.9546,1852.4735,2.8324,6317.1353,9.6589,,,,东阿阿胶,18.44,,1
199,2019/10/31,425,徐工机械,0.17,徐工机械,1.01,1.23,19.4424,208.5832,0.0297,16891.2299,2.4103,,徐工机械,4.24,徐工机械,6.78,,
200,2019/10/31,538,云南白药,0.35,云南白药,18.56,13.02,29.8639,2919.8768,2.8038,22410.6544,21.5197,,云南白药,17.43,云南白药,16.71,,1
201,2019/10/31,553,安道麦A,0.03,安道麦A,-3.71,-4.01,13.6712,-74.49,-0.1254,1854.7327,3.1228,,安道麦A,8.23,安道麦A,10.78,,
202,2019/10/31,568,泸州老窖,0.51,泸州老窖,17.47,23.21,62.4332,1927.7435,1.3747,8303.9968,5.9218,,泸州老窖,16.86,泸州老窖,20.54,,1
203,2019/10/31,596,古井贡酒,0.1,古井贡酒,14.82,13.78,74.6793,829.6301,1.6473,6017.1437,11.9482,,古井贡酒,17.78,古井贡酒,22.29,,1
204,2019/10/31,625,长安汽车,0.11,长安汽车,23.6,13.09,17.8946,10285.2841,2.1415,78542.4418,16.3539,,长安汽车,14.99,长安汽车,1.47,,
205,2019/10/31,627,天茂集团,0.11,天茂集团,12.88,369.54,15.5737,1778.7189,0.4176,481.3262,0.113,,天茂集团,6.85,天茂集团,6.98,,
206,2019/10/31,629,攀钢钒钛,0.1,攀钢钒钛,-174.65,-56.43,7.4324,-5987.8202,-0.697,10610.0059,1.2351,,攀钢钒钛,20.06,攀钢钒钛,41.76,,
207,2019/10/31,630,铜陵有色,0.11,铜陵有色,1.08,0.2,3.67,180.324,0.0188,86674.1033,9.0657,,铜陵有色,3.17,铜陵有色,3.95,,
208,2019/10/31,651,格力电器,2.24,格力电器,28.62,14.23,32.7018,15420.965,2.5634,108302.5653,18.0032,,格力电器,34.15,格力电器,28.69,,1
209,2019/10/31,656,金科股份,0.12,金科股份,6.97,4.32,20.7406,1395.2603,0.2611,32235.4416,6.0327,,金科股份,10.14,金科股份,16.76,,
210,2019/10/31,661,长春高新,0.49,长春高新,12.43,16.73,79.421,484.8525,2.8501,2897.4398,17.0325,,长春高新,14.95,长春高新,19,,1
211,2019/10/31,671,阳光城,0.08,阳光城,9.31,6.27,23.3057,1230.0598,0.3037,19598.0201,4.8389,,阳光城,10.76,阳光城,13.13,,
212,2019/10/31,703,恒逸石化,0.13,恒逸石化,7.6,2.56,3.4314,830.3374,0.5125,32419.3395,20.0134,,恒逸石化,13.55,恒逸石化,11.02,,
213,2019/10/31,709,河钢股份,0.08,河钢股份,3.47,2.08,13.8024,1555.4792,0.1464,74551.0075,7.0207,,河钢股份,3.96,河钢股份,6.43,,
214,2019/10/31,725,京东方A,0.67,京东方A,2.39,2.73,17.8675,1882.5717,0.0535,68895.659,1.9598,,京东方A,8.92,京东方A,4,,
215,2019/10/31,728,国元证券,0.14,国元证券,6.77,41.63,52.6202,1405.4044,0.7155,3375.5205,1.7186,,国元证券,4.74,国元证券,2.72,,
216,2019/10/31,768,中航飞机,0.17,中航飞机,2.68,1.58,7.1302,413.1334,0.1492,26121.8488,9.4348,,中航飞机,2.99,中航飞机,3.47,,
217,2019/10/31,776,广发证券,0.32,广发证券,10.22,38.77,50.822,8030.1066,1.0536,20712.0375,2.7177,,广发证券,10.12,广发证券,5.05,,
218,2019/10/31,783,长江证券,0.21,长江证券,8.64,37.67,46.0979,2206.576,0.399,5857.3553,1.0592,,长江证券,5.82,长江证券,0.96,,
219,2019/10/31,786,北新建材,0.13,北新建材,11.28,14.35,34.1832,1171.0686,0.6547,8156.0791,4.56,,北新建材,18.87,北新建材,17.26,,1
220,2019/10/31,858,五 粮 液,2.03,五粮液,14.41,27.64,70.1992,6784.5333,1.7873,24543.7927,6.4657,,五粮液,18.13,五粮液,21.08,,1
221,2019/10/31,876,新 希 望,0.37,新希望,12.03,4.05,7.9699,2469.0665,0.5923,60879.5232,14.6055,,新希望,10.94,新希望,7.9,,
222,2019/10/31,895,双汇发展,0.23,双汇发展,31.01,8.5,18.1057,4405.0564,1.335,51822.366,15.7058,,双汇发展,29.54,双汇发展,37.87,,1
223,2019/10/31,898,鞍钢股份,0.06,鞍钢股份,3.6,2.79,13.296,1616,0.2233,57882,8.0004,,鞍钢股份,11.21,鞍钢股份,15.3,,
224,2019/10/31,938,紫光股份,0.07,紫光股份,3.42,2.94,18.7101,814.8226,0.7817,27709.7091,26.585,,紫光股份,6.26,紫光股份,6.41,,
225,2019/10/31,961,中南建设,0.12,中南建设,3,1.18,16.4141,407.7213,0.1099,34439.5858,9.2834,,中南建设,4.28,中南建设,12.6,,
226,2019/10/31,963,华东医药,0.18,华东医药,19.87,5.69,24.2736,1446.5917,2.9761,25379.6675,52.2152,,华东医药,21.2,华东医药,22.81,,1
227,2019/10/31,1979,招商蛇口,0.35,招商蛇口,16.97,15.07,34.5363,9581.4168,1.2122,63572.8267,8.043,,招商蛇口,17.87,招商蛇口,20.07,,1
228,2019/10/31,2001,新和成,0.21,新和成,14.91,25.6,45.4276,1202.6335,1.1044,4696.2773,4.3127,,新和成,12.21,新和成,19.04,,1
229,2019/10/31,2007,华兰生物,0.24,华兰生物,18.49,40.33,60.5353,780.3125,0.8389,1934.6697,2.08,,华兰生物,17.58,华兰生物,20.61,,1
230,2019/10/31,2008,大族激光,0.26,大族激光,14.21,10.83,38.233,754.2621,0.7068,6958.888,6.5215,,大族激光,23.84,大族激光,20.63,,1
231,2019/10/31,2010,传化智联,0.08,传化智联,5.22,7.11,15.0974,580.9854,0.1783,8166.7268,2.5068,,传化智联,4.1,传化智联,6.73,,
232,2019/10/31,2024,苏宁易购,0.31,苏宁易购,1.07,0.47,14.3606,704.414,0.0756,148585.331,15.9596,,苏宁易购,5.33,苏宁易购,16.47,,
233,2019/10/31,2027,分众传媒,0.49,分众传媒,55.7,43.58,70.439,4451.2117,0.5094,10213.1343,1.1689,,分众传媒,57.89,分众传媒,41,,1
234,2019/10/31,2032,苏泊尔,0.1,苏泊尔,23.73,9.01,30.5272,1077.5192,1.7055,11947.1232,18.9106,,苏泊尔,25.15,苏泊尔,28.26,,1
235,2019/10/31,2044,美年健康,0.27,美年健康,10.23,10.99,48.3072,338.9104,0.1399,3081.8607,1.2727,,美年健康,9.44,美年健康,12.49,,
236,2019/10/31,2050,三花智控,0.15,三花智控,16.1,12.66,29.7694,857.4553,0.4759,6769.2067,3.7575,,三花智控,15.69,三花智控,15,,1
237,2019/10/31,2065,东华软件,0.11,东华软件,10.24,13.89,33.105,899.6472,0.573,6476.7477,4.1255,,东华软件,7.46,东华软件,8.78,,
238,2019/10/31,2081,金螳螂,0.1,金螳螂,16.88,8.58,16.5451,1683.3894,0.6368,19600.6554,7.4151,,金螳螂,16.7,金螳螂,16.04,,1
239,2019/10/31,2120,韵达股份,0.08,韵达股份,31.53,16.01,31.1561,1177.2243,1.1613,7349.7154,7.2507,,韵达股份,30.49,韵达股份,23.54,,1
240,2019/10/31,2142,宁波银行,0.6,宁波银行,15.53,33.03,40.8261,7810.417,2.0027,23645.017,6.0631,,宁波银行,16.34,宁波银行,13.83,,1
241,2019/10/31,2146,荣盛发展,0.12,荣盛发展,17.52,13.54,31.0483,4148.0931,0.9539,30622.0145,7.0425,,荣盛发展,20.94,荣盛发展,22.52,,1
242,2019/10/31,2153,石基信息,0.09,石基信息,7.87,14.6,40.4607,388.7903,0.3644,2662.6081,2.4959,,石基信息,7.97,石基信息,5.57,,
243,2019/10/31,2179,中航光电,0.16,中航光电,17.86,12.53,33.7488,733.7659,1.2178,5854.8021,9.7172,,中航光电,16.87,中航光电,15.77,,1
244,2019/10/31,2202,金风科技,0.28,金风科技,15.03,11.37,29.2638,3002.982,1.0977,26395.8293,9.6492,,金风科技,13.46,金风科技,12.88,,1
245,2019/10/31,2230,科大讯飞,0.4,科大讯飞,6.86,14.58,50.5196,484.4304,0.3682,3320.4767,2.5241,,科大讯飞,5.63,科大讯飞,6.8,,
246,2019/10/31,2236,大华股份,0.23,大华股份,22.15,13.69,37.7052,1825.1994,0.6295,13329.094,4.5971,,大华股份,22.72,大华股份,20.04,,1
247,2019/10/31,2241,歌尔股份,0.29,歌尔股份,15.22,8.56,22.3911,1651.4966,1.0815,19287.8076,12.6312,,歌尔股份,14.36,歌尔股份,5.7,,
248,2019/10/31,2252,上海莱士,0.09,上海莱士,13.77,69.34,63.744,1613.1536,0.3248,2326.2503,0.4684,,上海莱士,6.7,上海莱士,-13.95,,
249,2019/10/31,2271,东方雨虹,0.17,东方雨虹,20.67,14.69,42.6338,1028.7097,1.1654,7000.2328,7.9305,,东方雨虹,18.44,东方雨虹,19.08,,1
250,2019/10/31,2294,信立泰,0.06,信立泰,26.05,36.42,75.2216,1396.4142,1.3349,3833.4902,3.6648,,信立泰,23.98,信立泰,21.89,,1
251,2019/10/31,2304,洋河股份,0.48,洋河股份,22.36,33.91,63.9007,5827.1689,3.8667,17183.1096,11.4022,,洋河股份,22.45,洋河股份,24.12,,1
252,2019/10/31,2310,东方园林,0.06,东方园林,14.1,15.12,32.8293,1295.6085,0.4839,8563.997,3.1986,,东方园林,19.24,东方园林,12.51,,1
253,2019/10/31,2311,海大集团,0.21,海大集团,15.14,3.14,9.4165,855.8102,0.5552,27185.31,17.6364,,海大集团,18.64,海大集团,18.55,,1
254,2019/10/31,2352,顺丰控股,0.19,顺丰控股,20.38,7.27,19.6886,4180.4262,17.9039,57482.6981,246.1866,,顺丰控股,14.59,顺丰控股,12.46,,1
255,2019/10/31,2410,广联达,0.17,广联达,14.29,20.84,93.3276,423.096,0.3779,2029.5512,1.8131,,广联达,15.31,广联达,13.75,,1
256,2019/10/31,2411,延安必康,0.06,延安必康,11.47,25.6,54.7915,953.6445,0.6223,3723.9046,2.4302,,延安必康,9.82,延安必康,4.33,,
257,2019/10/31,2415,海康威视,0.96,海康威视,30.55,23.24,41.581,7422.262,1.2162,31924.0209,5.2311,,海康威视,30.99,海康威视,30.2,,1
258,2019/10/31,2422,科伦药业,0.16,科伦药业,5.16,6.82,43.326,584.6388,0.4059,8565.9434,5.9485,,科伦药业,6.34,科伦药业,9.5,,
259,2019/10/31,2456,欧菲光,0.17,欧菲光,8.93,2.68,11.478,718.8259,0.6617,26746.4189,24.6223,,欧菲光,11.08,欧菲光,-6.04,,
260,2019/10/31,2460,赣锋锂业,0.14,赣锋锂业,18.66,16.32,34.5702,464.3651,0.6169,2844.1203,3.7785,,赣锋锂业,36.38,赣锋锂业,15.43,,1
261,2019/10/31,2466,天齐锂业,0.14,天齐锂业,32.93,38.72,71.2478,1512.0509,1.5205,3904.5642,3.9264,,天齐锂业,23.65,天齐锂业,21.7,,1
262,2019/10/31,2468,申通快递,0.05,申通快递,23.18,12.76,19.8549,1261.6496,0.8241,9880.6713,6.4545,,申通快递,22.03,申通快递,24.1,,1
263,2019/10/31,2475,立讯精密,0.81,立讯精密,10.27,8.4,21.4971,1156.5335,0.5455,13762.5959,6.4916,,立讯精密,13.06,立讯精密,17.56,,1
264,2019/10/31,2493,荣盛石化,0.11,荣盛石化,15.15,4.22,10.3389,1920.7877,0.755,45501.0739,17.8856,,荣盛石化,14.03,荣盛石化,7.67,,
265,2019/10/31,2508,老板电器,0.12,老板电器,29.23,20.82,57.3065,1206.8339,1.653,5794.8979,7.9375,,老板电器,27.77,老板电器,24.37,,1
266,2019/10/31,2555,三七互娱,0.15,三七互娱,23.65,20.39,63.0083,1070.1623,0.5133,5247.8937,2.5172,,三七互娱,23.09,三七互娱,16.88,,1
267,2019/10/31,2558,巨人网络,0.09,巨人网络,14.14,46,82.2375,1068.937,0.6336,2323.5643,1.3773,,巨人网络,15.13,巨人网络,11.92,,1
268,2019/10/31,2594,比亚迪,0.31,比亚迪,9.85,4.88,20.3625,5052.154,1.8518,103469.997,37.9268,,比亚迪,7.39,比亚迪,5.03,,
269,2019/10/31,2601,龙蟒佰利,0.06,龙蟒佰利,3.58,10.69,29.5631,442.1051,0.2175,4135.5596,2.035,,龙蟒佰利,19.41,龙蟒佰利,18.39,,
270,2019/10/31,2602,世纪华通,0.13,世纪华通,11.48,14.56,33.7965,503.4557,0.4901,3455.9024,3.3647,,世纪华通,15.5,世纪华通,6.94,,
271,2019/10/31,2624,完美世界,0.12,完美世界,16.16,18.93,60.9621,1166.3131,0.8871,6158.8318,4.6846,,完美世界,18.89,完美世界,20.21,,1
272,2019/10/31,2625,光启技术,0.04,光启技术,10.94,15.63,33.4118,65.9425,0.2192,421.6487,1.4019,,光启技术,1.07,光启技术,0.92,,
273,2019/10/31,2673,西部证券,0.12,西部证券,9.06,33.01,42.414,1124.6211,0.4022,3406.3293,1.2184,,西部证券,4.27,西部证券,1.15,,
274,2019/10/31,2714,牧原股份,0.65,牧原股份,41.01,41.41,45.6922,2321.8987,2.2461,5605.907,5.4229,,牧原股份,18.57,牧原股份,4.23,,
275,2019/10/31,2736,国信证券,0.24,国信证券,9.41,35.73,47.2977,4556.1523,0.5556,12748.9033,1.5547,,国信证券,8.78,国信证券,6.52,,
276,2019/10/31,2739,万达电影,0.1,万达电影,13.15,12.19,32.7534,1366.4461,1.1636,11209.3237,9.5455,,万达电影,12.98,万达电影,10.28,,1
277,2019/10/31,2773,康弘药业,0.07,康弘药业,17.1,19.55,90.4088,496.7519,0.7361,2540.0315,3.7642,,康弘药业,18.17,康弘药业,17.01,,1
278,2019/10/31,2925,盈趣科技,0.04,盈趣科技,53.08,27.02,42.0572,445.4757,1.1718,1648.4114,4.336,,盈趣科技,58.97,盈趣科技,21.86,,1
279,2019/10/31,2938,鹏鼎控股,0.09,鹏鼎控股,9.84,5.85,16.6099,1003.9825,0.4826,17138.4417,8.2384,,鹏鼎控股,14.87,鹏鼎控股,15.49,,1
280,2019/10/31,2939,长城证券,0.03,长城证券,5.36,20.98,28.0951,732.9339,0.3545,3492.8976,1.6898,,长城证券,6.38,长城证券,3.54,,
281,2019/10/31,2945,华林证券,0.03,华林证券,17.39,44.68,49.5299,589.1183,0.73,1318.3533,1.6336,,华林证券,12.42,华林证券,8.46,,
282,2019/10/31,300003,乐普医疗,0.26,乐普医疗,12.27,19.58,60.9504,679.2557,0.3895,3467.7482,1.9888,,乐普医疗,13.98,乐普医疗,19.15,,1
283,2019/10/31,300015,爱尔眼科,0.39,爱尔眼科,20.04,13.93,46.1102,557.4672,0.5517,4000.4017,3.9595,,爱尔眼科,14.23,爱尔眼科,17.72,,1
284,2019/10/31,300017,网宿科技,0.15,网宿科技,17.08,28.12,41.9717,1250.3966,1.5599,4446.5272,5.5474,,网宿科技,10.44,网宿科技,9.27,,
285,2019/10/31,300024,机器人,0.12,机器人,7.37,20.2,31.739,410.7736,0.2632,2033.481,1.3033,,机器人,7.28,机器人,7.22,,
286,2019/10/31,300033,同花顺,0.17,同花顺,41.02,69.88,91.7999,1211.5767,2.2536,1733.6564,3.2248,,同花顺,22.89,同花顺,18.98,,1
287,2019/10/31,300059,东方财富,0.64,东方财富,5.56,59.32,73.1472,713.7688,0.2005,1203.0513,0.338,,东方财富,4.33,东方财富,6.1,,
288,2019/10/31,300070,碧水源,0.12,碧水源,11.89,20.75,31.3886,1845.76,0.5902,8892.2851,2.8438,,碧水源,13.88,碧水源,6.61,,
289,2019/10/31,300072,三聚环保,0.05,三聚环保,25.75,9.22,17.7328,1617.053,1.3525,17531.1015,14.663,,三聚环保,28.86,三聚环保,5.48,,
290,2019/10/31,300122,智飞生物,0.19,智飞生物,1.28,7.29,92.1025,32.5203,0.0203,445.9472,0.2787,,智飞生物,14.71,智飞生物,34.71,,1
291,2019/10/31,300124,汇川技术,0.2,汇川技术,19.75,25.45,48.1152,931.8375,0.5785,3660.0452,2.2725,,汇川技术,19.53,汇川技术,18.69,,1
292,2019/10/31,300136,信维通信,0.25,信维通信,27.64,22.03,29.1392,531.5687,0.5532,2412.9275,2.5113,,信维通信,32.21,信维通信,26.82,,1
293,2019/10/31,300142,沃森生物,0.29,沃森生物,2.19,11.92,52.5015,70.4587,0.0458,591.0046,0.3844,,沃森生物,-17.74,沃森生物,22.87,,
294,2019/10/31,300144,宋城演艺,0.17,宋城演艺,14.08,34.12,61.6453,902.3052,0.6211,2644.2289,1.8203,,宋城演艺,14.56,宋城演艺,15.19,,1
295,2019/10/31,300251,光线传媒,0.06,光线传媒,10.53,42.79,49.4486,740.9113,0.2525,1731.3116,0.5901,,光线传媒,9.68,光线传媒,15.88,,
296,2019/10/31,300296,利亚德,0.09,利亚德,15.01,15.27,38.4276,668.8295,0.8211,4377.9352,5.3752,,利亚德,21.52,利亚德,16.29,,1
297,2019/10/31,300408,三环集团,0.16,三环集团,20.71,36.68,47.9118,1059.1864,0.6129,2887.5079,1.671,,三环集团,18.37,三环集团,18.86,,1
298,2019/10/31,300413,芒果超媒,0.08,芒果超媒,4.1,2.06,21.1814,66.5281,0.1659,3219.2791,8.0281,,芒果超媒,4.32,芒果超媒,15.34,,
299,2019/10/31,300433,蓝思科技,0.08,蓝思科技,8.59,7.89,25.2772,1203.5948,0.5517,15236.1169,6.9839,,蓝思科技,12.23,蓝思科技,3.73,,
300,2019/10/31,300498,温氏股份,1.19,温氏股份,38.7,19.86,28.2189,11789.8793,2.7101,59355.2372,13.6439,,温氏股份,20.69,温氏股份,11.44,,1
