date,open,high,close,low,volume,price_change,p_change,ma5,ma10,ma20,v_ma5,v_ma10,v_ma20
2017-06-05,12.79,12.88,12.85,12.51,758764.75,-0.04,-0.31,12.85,12.85,12.85,758764.75,758764.75,758764.75
2017-06-06,12.8,12.84,12.8,12.66,361044.06,-0.05,-0.39,12.825,12.825,12.825,559904.41,559904.41,559904.41
2017-06-07,12.81,12.99,12.84,12.78,643951.94,0.04,0.31,12.83,12.83,12.83,587920.25,587920.25,587920.25
2017-06-08,12.76,12.86,12.84,12.67,481948.44,0.0,0.0,12.833,12.833,12.833,561427.3,561427.3,561427.3
2017-06-09,12.79,13.2,12.93,12.77,1144343.25,0.09,0.7,12.852,12.852,12.852,678010.49,678010.49,678010.49
2017-06-12,12.9,13.14,12.78,12.76,739311.94,-0.15,-1.16,12.838,12.84,12.84,674119.93,688227.4,688227.4
2017-06-13,12.78,12.78,12.59,12.56,527160.69,-0.19,-1.49,12.796,12.804,12.804,707343.25,665217.87,665217.87
2017-06-14,12.6,12.64,12.46,12.31,553069.81,-0.13,-1.03,12.72,12.761,12.761,689166.83,651199.36,651199.36
2017-06-15,12.41,12.46,12.38,12.28,374928.59,-0.08,-0.64,12.628,12.719,12.719,667762.86,620502.61,620502.61
2017-06-16,12.38,12.46,12.35,12.27,473510.62,-0.03,-0.24,12.512,12.682,12.682,533596.33,605803.41,605803.41
2017-06-19,12.36,12.43,12.4,12.3,329412.78,0.05,0.41,12.436,12.637,12.656,451616.5,562868.21,580676.99
2017-06-20,12.41,12.44,12.29,12.22,446451.97,-0.11,-0.89,12.376,12.586,12.626,435474.75,571409.0,569491.57
2017-06-21,12.4,12.4,12.34,12.26,340000.62,0.05,0.41,12.352,12.536,12.604,392860.92,541013.87,551838.42
2017-06-22,12.33,12.84,12.57,12.29,1102594.38,0.23,1.86,12.39,12.509,12.601,538394.07,603078.47,591178.13
2017-06-23,12.55,12.65,12.64,12.36,685790.81,0.07,0.56,12.448,12.48,12.604,580850.11,557223.22,597485.64
2017-06-26,12.64,12.82,12.64,12.55,605091.62,0.0,0.0,12.496,12.466,12.606,635985.88,543801.19,597961.02
2017-06-27,12.64,12.73,12.7,12.53,466874.75,0.06,0.47,12.578,12.477,12.612,640070.44,537772.6,590250.06
2017-06-28,12.66,12.91,12.79,12.6,753495.56,0.09,0.71,12.668,12.51,12.622,722769.42,557815.17,599319.25
2017-06-29,12.81,12.86,12.76,12.7,389945.41,-0.03,-0.23,12.706,12.548,12.629,580239.63,559316.85,588299.58
2017-06-30,12.7,12.73,12.65,12.59,365664.78,-0.11,-0.86,12.708,12.578,12.63,516214.42,548532.27,577167.84
2017-07-03,12.64,12.65,12.56,12.47,387789.5,-0.09,-0.71,12.692,12.594,12.616,472754.0,554369.94,558619.08
2017-07-04,12.55,12.58,12.55,12.41,366591.28,-0.01,-0.08,12.662,12.62,12.603,452697.31,546383.87,558896.44
2017-07-05,12.5,12.65,12.62,12.47,264705.06,0.07,0.56,12.628,12.648,12.592,354939.21,538854.32,539934.09
2017-07-06,12.62,12.72,12.66,12.51,374142.41,0.04,0.32,12.608,12.657,12.583,351778.61,466009.12,534543.79
2017-07-07,12.62,12.69,12.6,12.55,246672.94,-0.06,-0.47,12.598,12.653,12.567,327980.24,422097.33,489660.28
2017-07-10,12.59,12.64,12.53,12.52,264115.31,-0.07,-0.56,12.592,12.642,12.554,303245.4,387999.7,465900.44
2017-07-11,12.51,12.94,12.8,12.51,968353.5,0.27,2.15,12.642,12.652,12.565,423597.84,438147.58,487960.09
2017-07-12,12.8,13.06,12.86,12.74,804690.25,0.06,0.47,12.69,12.659,12.585,531594.88,443267.04,500541.11
2017-07-13,12.82,13.29,13.27,12.77,1102192.38,0.41,3.19,12.812,12.71,12.629,677204.88,514491.74,536904.3
2017-07-14,13.34,13.8,13.59,13.34,1468653.75,0.32,2.41,13.01,12.804,12.691,921601.04,624790.64,586661.45
2017-07-17,13.62,14.02,13.76,13.28,1786612.25,0.17,1.25,13.256,12.924,12.759,1226100.43,764672.91,659521.43
2017-07-18,13.65,13.72,13.55,13.4,698958.75,-0.21,-1.53,13.406,13.024,12.822,1172221.48,797909.66,672146.77
2017-07-19,13.56,13.78,13.69,13.48,661087.06,0.14,1.03,13.572,13.131,12.89,1143500.84,837547.86,688201.09
2017-07-20,13.67,13.7,13.62,13.53,400174.91,-0.07,-0.51,13.642,13.227,12.942,1003097.34,840151.11,653080.11
2017-07-21,13.61,13.63,13.45,13.38,522723.75,-0.17,-1.25,13.614,13.312,12.983,813911.34,867756.19,644926.76
2017-07-24,13.45,13.74,13.67,13.36,658209.56,0.22,1.64,13.596,13.426,13.034,588230.81,907165.62,647582.66
2017-07-25,13.62,13.75,13.51,13.41,584781.0,-0.16,-1.17,13.588,13.497,13.075,565395.26,868808.37,653477.97
2017-07-26,13.45,13.7,13.38,13.36,574953.88,-0.13,-0.96,13.526,13.549,13.104,548168.62,845834.73,644550.89
2017-07-27,13.38,13.47,13.38,13.28,336120.97,0.0,0.0,13.478,13.56,13.135,535357.83,769227.59,641859.66
2017-07-28,13.37,13.49,13.47,13.3,249549.61,0.09,0.67,13.482,13.548,13.176,480723.0,647317.17,636053.91
2017-07-31,13.45,13.52,13.36,13.31,450830.81,-0.11,-0.82,13.42,13.508,13.216,439247.25,513739.03,639205.97
2017-08-01,13.42,13.49,13.43,13.32,641980.62,0.07,0.52,13.404,13.496,13.26,450687.18,508041.22,652975.44
2017-08-02,13.44,13.6,13.44,13.39,616441.5,0.01,0.07,13.416,13.471,13.301,458984.7,503576.66,670562.26
2017-08-03,13.42,13.42,13.08,13.04,785818.69,-0.36,-2.68,13.356,13.417,13.322,548924.25,542141.04,691146.07
2017-08-04,13.09,13.1,12.87,12.85,631819.69,-0.21,-1.61,13.236,13.359,13.336,625378.26,553050.63,710403.41
2017-08-07,12.87,12.95,12.93,12.83,295284.28,0.06,0.47,13.15,13.285,13.356,594268.96,516758.11,711961.86
2017-08-08,12.91,12.93,12.87,12.83,235702.98,-0.06,-0.46,13.038,13.221,13.359,513013.43,481850.3,675329.33
2017-08-09,12.84,12.88,12.76,12.75,323038.22,-0.11,-0.85,12.902,13.159,13.354,454332.77,456658.74,651246.73
2017-08-10,12.74,12.88,12.79,12.7,440560.44,0.03,0.23,12.844,13.1,13.33,385281.12,467102.68,618165.14
2017-08-11,12.72,12.73,12.68,12.46,888900.56,-0.11,-0.86,12.806,13.021,13.285,436697.3,531037.78,589177.48
2017-08-14,12.62,12.63,12.56,12.52,455620.28,-0.12,-0.95,12.732,12.941,13.225,468764.5,531516.73,522627.88
2017-08-15,12.58,12.76,12.59,12.56,625919.06,0.03,0.24,12.676,12.857,13.177,546807.71,529910.57,518975.89
2017-08-16,12.56,12.56,12.49,12.47,338865.31,-0.1,-0.79,12.622,12.762,13.117,549973.13,502152.95,502864.81
2017-08-17,12.49,12.55,12.53,12.47,390911.56,0.04,0.32,12.57,12.707,13.062,540043.35,462662.24,502401.64
2017-08-18,12.5,12.57,12.51,12.46,359766.31,-0.02,-0.16,12.536,12.671,13.015,434216.5,435456.9,494253.77
2017-08-21,12.5,12.57,12.51,12.46,338102.38,0.0,0.0,12.526,12.629,12.957,410712.92,439738.71,478248.41
2017-08-22,12.51,12.53,12.43,12.41,588300.0,-0.08,-0.64,12.494,12.585,12.903,403189.11,474998.41,478424.36
2017-08-23,12.44,12.66,12.57,12.41,968715.88,0.14,1.13,12.51,12.566,12.863,529159.23,539566.18,498112.46
2017-08-24,12.58,12.66,12.47,12.45,621531.75,-0.1,-0.8,12.498,12.534,12.817,575283.26,557663.31,512383.0
2017-08-25,12.47,12.8,12.78,12.47,1455906.62,0.31,2.49,12.552,12.544,12.783,794511.33,614363.92,572700.85
2017-08-28,12.83,12.96,12.89,12.75,1041131.69,0.11,0.86,12.628,12.577,12.759,935117.19,672915.06,602215.89
2017-08-29,12.85,12.98,12.96,12.77,600639.56,0.07,0.54,12.734,12.614,12.736,937585.1,670387.11,600148.84
2017-08-30,12.91,12.98,12.87,12.82,604799.88,-0.09,-0.69,12.794,12.652,12.707,864801.9,696980.56,599566.76
2017-08-31,12.83,12.84,12.71,12.65,447903.12,-0.16,-1.24,12.842,12.67,12.689,830076.17,702679.72,582670.98
2017-09-01,12.68,12.87,12.77,12.68,392641.31,0.06,0.47,12.84,12.696,12.684,617423.11,705967.22,570712.06
2017-09-04,12.78,12.84,12.78,12.65,356674.47,0.01,0.08,12.818,12.723,12.676,480531.67,707824.43,573781.57
2017-09-05,12.78,13.09,13.03,12.78,734930.25,0.25,1.96,12.832,12.783,12.684,507389.81,722487.45,598742.93
2017-09-06,12.99,13.05,12.96,12.9,338235.75,-0.07,-0.54,12.85,12.822,12.694,454076.98,659439.44,599502.81
2017-09-07,12.94,13.02,12.85,12.82,382247.81,-0.11,-0.85,12.878,12.86,12.697,440945.92,635511.05,596587.18
2017-09-08,12.85,13.12,13.03,12.83,647780.88,0.18,1.4,12.93,12.885,12.715,491973.83,554698.47,584531.19
2017-09-11,13.15,13.15,12.99,12.95,522347.34,-0.04,-0.31,12.972,12.895,12.736,525108.41,502820.04,587867.55
2017-09-12,13.0,13.04,13.04,12.91,510123.22,0.05,0.39,12.974,12.903,12.759,480147.0,493768.4,582077.75
2017-09-13,13.01,13.01,12.87,12.86,319728.97,-0.17,-1.3,12.956,12.903,12.778,476445.64,465261.31,581120.94
2017-09-14,12.88,12.98,12.85,12.81,241608.31,-0.02,-0.15,12.956,12.917,12.794,448317.74,444631.83,573655.78
2017-09-15,12.82,12.86,12.83,12.75,248743.12,-0.02,-0.16,12.916,12.923,12.81,368510.19,430242.01,568104.62
2017-09-18,12.82,12.96,12.91,12.8,357475.28,0.08,0.62,12.9,12.936,12.83,335535.78,430322.09,569073.26
2017-09-19,12.93,12.95,12.9,12.82,301701.25,-0.01,-0.08,12.872,12.923,12.853,293851.39,386999.19,554743.32
2017-09-20,12.88,12.93,12.88,12.83,198671.48,-0.02,-0.15,12.874,12.915,12.869,269639.89,373042.77,516241.1
2017-09-21,12.86,12.95,12.87,12.83,201402.69,-0.01,-0.08,12.878,12.917,12.889,261598.76,354958.25,495234.65
2017-09-22,12.84,12.92,12.89,12.79,241926.88,0.02,0.15,12.89,12.903,12.894,260235.52,314372.85,434535.66
2017-09-25,12.89,12.95,12.94,12.71,506876.28,0.05,0.39,12.896,12.898,12.897,290115.72,312825.75,407822.89
2017-09-26,12.89,12.93,12.86,12.85,221633.11,-0.08,-0.62,12.888,12.88,12.892,274102.09,283976.74,388872.57
2017-09-27,12.83,12.91,12.85,12.76,263747.53,-0.01,-0.08,12.882,12.878,12.891,287117.3,278378.59,371819.95
2017-09-28,12.85,12.88,12.84,12.77,241249.34,-0.01,-0.08,12.876,12.877,12.897,295086.63,278342.7,361487.26
2017-09-29,12.82,12.91,12.87,12.81,198222.62,0.03,0.23,12.872,12.881,12.902,286345.78,273290.65,351766.33
2017-10-09,13.27,13.29,13.04,13.0,521490.81,0.17,1.32,12.892,12.894,12.915,289268.68,289692.2,360007.15
2017-10-10,13.05,13.1,13.1,12.98,274939.88,0.06,0.46,12.94,12.914,12.919,299930.04,287016.06,337007.63
2017-10-11,13.08,13.11,13.06,13.03,187063.08,-0.04,-0.3,12.982,12.932,12.924,284593.15,285855.22,329448.99
2017-10-12,13.05,13.09,13.05,12.97,171252.84,-0.01,-0.08,13.024,12.95,12.934,270593.85,282840.24,318899.25
2017-10-13,13.01,13.08,12.94,12.92,208575.78,-0.11,-0.84,13.038,12.955,12.929,272664.48,279505.13,296938.99
2017-10-16,12.98,13.06,13.04,12.94,236111.64,0.1,0.77,13.038,12.965,12.932,215588.64,252428.66,282627.21
2017-10-17,13.04,13.06,12.99,12.94,146923.2,-0.05,-0.38,13.016,12.978,12.929,189985.31,244957.67,264467.2
2017-10-18,12.99,13.1,13.07,12.93,454587.38,0.08,0.62,13.018,13.0,12.939,243490.17,264041.66,271210.13
2017-10-19,13.03,13.16,13.13,12.98,528811.69,0.06,0.46,13.034,13.029,12.953,315001.94,292797.89,285570.29
2017-10-20,13.09,13.1,13.01,13.01,172284.09,-0.12,-0.91,13.048,13.043,12.962,307743.6,290204.04,281747.34
2017-10-23,13.02,13.03,12.84,12.83,315638.34,-0.17,-1.31,13.008,13.023,12.959,323648.94,269618.79,279655.5
2017-10-24,12.84,12.95,12.86,12.82,272360.41,0.02,0.16,12.982,12.999,12.957,348736.38,269360.85,278188.45
2017-10-25,12.86,12.94,12.9,12.82,207438.3,0.04,0.31,12.948,12.983,12.958,299306.57,271398.37,278626.79
2017-10-26,12.87,12.88,12.82,12.78,252751.66,-0.08,-0.62,12.886,12.96,12.955,244094.56,279548.25,281194.24
2017-10-27,12.85,12.94,12.85,12.82,326738.19,0.03,0.23,12.854,12.951,12.953,274985.38,291364.49,285434.81
2017-10-30,12.84,12.84,12.7,12.59,747136.19,-0.15,-1.17,12.826,12.917,12.941,361284.95,342466.95,297447.8
2017-10-31,12.6,12.66,12.61,12.58,201207.23,-0.09,-0.71,12.776,12.879,12.929,347054.31,347895.35,296426.51
2017-11-01,12.63,12.72,12.54,12.53,353687.12,-0.07,-0.56,12.704,12.826,12.913,376304.08,337805.32,300923.49
2017-11-02,12.52,12.57,12.53,12.43,482670.38,-0.01,-0.08,12.646,12.766,12.898,422287.82,333191.19,312994.54
2017-11-03,12.53,12.6,12.58,12.43,328481.69,0.05,0.4,12.592,12.723,12.883,422636.52,348810.95,319507.5
2017-11-06,12.56,12.56,12.47,12.45,200168.27,-0.11,-0.87,12.546,12.686,12.855,313242.94,337263.94,303441.37
2017-11-07,12.49,12.6,12.54,12.41,386773.38,0.07,0.56,12.532,12.654,12.827,350356.17,348705.24,309033.04
2017-11-08,12.54,12.68,12.58,12.49,371341.47,0.04,0.32,12.54,12.622,12.803,353887.04,365095.56,318246.96
2017-11-09,12.57,12.63,12.55,12.53,174633.73,-0.03,-0.24,12.544,12.595,12.778,292279.71,357283.77,318416.01
2017-11-10,12.54,12.63,12.63,12.46,499253.59,0.08,0.64,12.554,12.573,12.762,326434.09,374535.31,332949.9
2017-11-13,12.65,12.85,12.81,12.63,780093.38,0.18,1.43,12.622,12.584,12.751,442419.11,377831.02,360148.98
2017-11-14,12.76,12.77,12.6,12.58,337549.28,-0.2,-1.56,12.634,12.583,12.731,432574.29,391465.23,369680.29
2017-11-15,12.6,12.63,12.6,12.55,280765.31,0.0,0.0,12.638,12.589,12.708,414459.06,384173.05,360989.19
2017-11-16,12.57,12.57,12.39,12.38,356807.62,-0.21,-1.67,12.606,12.575,12.671,450893.84,371586.77,352388.98
2017-11-17,12.38,12.8,12.78,12.38,1093365.38,0.39,3.15,12.636,12.595,12.659,569716.19,448075.14,398443.05
2017-11-20,12.7,12.86,12.85,12.61,614954.19,0.07,0.55,12.644,12.633,12.66,536688.36,489553.73,413408.84
2017-11-21,12.81,13.17,12.93,12.75,1161794.12,0.08,0.62,12.71,12.672,12.663,701537.32,567055.81,457880.52
2017-11-22,13.0,13.44,13.23,13.0,1145762.62,0.29,2.24,12.836,12.737,12.68,874536.79,644497.92,504796.74
2017-11-23,13.24,13.32,13.07,12.91,819126.0,-0.16,-1.21,12.972,12.789,12.692,967000.46,708947.15,533115.46
2017-11-24,13.11,13.18,13.08,12.93,596124.81,0.02,0.15,13.032,12.834,12.704,867552.35,718634.27,546584.79
2017-11-27,13.09,13.12,13.1,12.81,792502.75,0.01,0.08,13.082,12.863,12.724,903062.06,719875.21,548853.12
2017-11-28,13.03,13.07,12.95,12.92,340319.09,-0.15,-1.15,13.086,12.898,12.741,738767.05,720152.19,555808.71
2017-11-29,12.95,13.04,12.92,12.81,418467.84,-0.02,-0.15,13.024,12.93,12.76,593308.1,733922.44,559047.75
2017-11-30,12.91,12.95,12.91,12.8,399163.56,-0.03,-0.23,12.992,12.982,12.779,509315.61,738158.04,554872.4
2017-12-01,12.93,12.95,12.92,12.81,385774.44,0.01,0.08,12.96,12.996,12.796,467245.54,667398.94,557737.04
2017-12-04,12.87,12.94,12.92,12.84,364792.34,0.01,0.08,12.924,13.003,12.818,381703.45,642382.76,565968.25
2017-12-05,12.92,13.27,13.17,12.91,1237968.0,0.25,1.94,12.968,13.027,12.85,561233.24,650000.15,608527.98
2017-12-06,13.12,13.16,12.96,12.91,435649.31,-0.21,-1.59,12.976,13.0,12.869,564669.53,578988.81,611743.37
2017-12-07,12.95,13.03,12.96,12.91,348022.28,0.0,0.0,12.986,12.989,12.889,554441.27,531878.44,620412.8
2017-12-08,12.98,12.99,12.92,12.87,312962.22,-0.04,-0.31,12.986,12.973,12.904,539878.83,503562.18,611098.23
2017-12-11,12.92,13.04,12.97,12.85,366499.03,0.04,0.31,12.996,12.96,12.912,540220.17,460961.81,590418.51
2017-12-12,12.97,12.97,12.75,12.74,303700.97,-0.22,-1.7,12.912,12.94,12.919,353366.76,457300.0,588726.09
2017-12-13,12.8,12.81,12.75,12.63,193453.38,0.0,0.0,12.87,12.923,12.927,304927.58,434798.55,584360.5
2017-12-14,12.79,12.79,12.69,12.66,161416.78,-0.05,-0.39,12.816,12.901,12.942,267606.48,411023.88,574590.96
2017-12-15,12.69,12.73,12.63,12.61,162101.08,-0.06,-0.47,12.758,12.872,12.934,237434.25,388656.54,528027.74
2017-12-18,12.71,12.71,12.65,12.61,134456.48,0.03,0.24,12.694,12.845,12.924,191025.74,365622.95,504002.86
2017-12-19,12.65,12.76,12.75,12.62,183996.03,0.1,0.79,12.694,12.803,12.915,167084.75,260225.76,455112.95
2017-12-20,12.76,12.76,12.71,12.6,266398.44,-0.04,-0.31,12.686,12.778,12.889,181673.76,243300.67,411144.74
2017-12-21,12.67,12.78,12.7,12.6,210523.88,-0.03,-0.24,12.688,12.752,12.871,191495.18,229550.83,380714.64
2017-12-22,12.68,12.72,12.62,12.61,160769.38,-0.08,-0.63,12.686,12.722,12.848,191228.84,214331.55,358946.86
2017-12-25,12.61,12.68,12.6,12.56,193066.62,-0.02,-0.16,12.676,12.685,12.823,202950.87,196988.3,328975.06
2017-12-26,12.57,12.66,12.64,12.56,152257.22,0.05,0.4,12.654,12.674,12.807,196603.11,181843.93,319571.96
2017-12-27,12.65,12.66,12.62,12.53,327318.81,-0.02,-0.16,12.636,12.661,12.792,208787.18,195230.47,315014.51
2017-12-28,12.6,12.66,12.54,12.53,238708.23,-0.08,-0.63,12.604,12.646,12.774,214424.05,202959.62,306991.75
2017-12-29,12.52,12.62,12.59,12.51,163518.27,0.05,0.4,12.598,12.642,12.757,214973.83,203101.34,295878.94
2018-01-02,12.61,12.77,12.73,12.6,313230.53,0.14,1.11,12.624,12.65,12.748,239006.61,220978.74,293300.85
2018-01-03,12.73,12.8,12.67,12.66,378391.0,-0.05,-0.39,12.63,12.642,12.723,284233.37,240418.24,250322.0
2018-01-04,12.7,12.73,12.66,12.62,278838.03,0.0,0.0,12.638,12.637,12.708,274537.21,241662.2,242481.43
2018-01-05,12.67,12.71,12.69,12.62,310267.44,0.03,0.24,12.668,12.636,12.694,288849.05,251636.55,240593.69
2018-01-08,12.69,12.71,12.68,12.63,313898.88,-0.01,-0.08,12.686,12.642,12.682,318925.18,266949.5,240640.52
2018-01-09,12.68,12.74,12.71,12.66,262154.31,0.03,0.24,12.682,12.653,12.669,308709.93,273858.27,235423.29
2018-01-10,12.7,13.09,13.02,12.68,906799.88,0.32,2.52,12.752,12.691,12.683,414391.71,349312.54,265578.23
2018-01-11,12.95,13.04,12.94,12.87,378164.12,-0.08,-0.61,12.808,12.723,12.692,434256.93,354397.07,274813.77
2018-01-12,12.97,13.0,12.9,12.9,242034.19,-0.04,-0.31,12.85,12.759,12.703,420610.28,354729.67,278844.64
2018-01-15,12.88,13.08,13.02,12.85,613206.81,0.11,0.85,12.918,12.802,12.722,480471.86,399698.52,301399.93
2018-01-16,12.97,13.06,12.9,12.78,748926.5,-0.12,-0.92,12.956,12.819,12.735,577826.3,443268.12,332123.43
2018-01-17,12.91,13.42,13.11,12.89,1271328.12,0.21,1.63,12.974,12.863,12.753,650731.95,532561.83,386490.03
2018-01-18,13.14,13.25,13.24,13.05,1116080.75,0.14,1.07,13.034,12.921,12.779,798315.27,616286.1,428974.15
2018-01-19,13.33,13.61,13.25,13.18,1716488.75,0.01,0.08,13.104,12.977,12.807,1093206.19,756908.23,504272.39
2018-01-22,12.93,13.15,12.78,12.71,2725138.0,-0.46,-3.47,13.056,12.987,12.815,1515592.42,998032.14,632490.82
2018-01-23,12.75,12.92,12.9,12.68,2178274.5,0.13,1.02,13.056,13.006,12.83,1801462.02,1189644.16,731751.22
2018-01-24,12.97,14.0,13.6,12.89,3796536.25,0.7,5.43,13.154,13.064,12.878,2306503.65,1478617.8,913965.17
2018-01-25,13.54,13.76,13.66,13.36,1769896.25,0.09,0.66,13.238,13.136,12.93,2437266.75,1617791.01,986094.04
2018-01-26,13.65,13.72,13.43,13.36,2184196.75,-0.22,-1.61,13.274,13.189,12.974,2530808.35,1812007.27,1083368.47
2018-01-29,13.48,13.53,13.46,13.32,1537831.0,0.05,0.37,13.41,13.233,13.018,2293346.95,1904469.69,1152084.1
2018-01-30,13.45,13.49,13.1,13.09,1078040.12,-0.36,-2.67,13.45,13.253,13.036,2073300.07,1937381.05,1190324.58
2018-01-31,13.05,13.19,13.17,12.98,1177032.62,0.06,0.46,13.364,13.259,13.061,1549399.35,1927951.5,1230256.66
2018-02-01,13.14,13.33,13.31,12.94,1735733.25,0.14,1.06,13.294,13.266,13.094,1542566.75,1989916.75,1303101.42
2018-02-02,13.19,13.19,13.14,13.01,717967.81,-0.16,-1.2,13.236,13.255,13.116,1249320.96,1890064.66,1323486.44
2018-02-05,13.0,13.54,13.48,12.98,1501496.62,0.34,2.59,13.24,13.325,13.156,1242054.08,1767700.52,1382866.33
2018-02-06,13.29,13.5,13.48,13.2,2443590.0,-0.01,-0.07,13.316,13.383,13.195,1515164.06,1794232.07,1491938.11
2018-02-07,13.58,13.9,13.45,13.24,2007701.12,-0.03,-0.22,13.372,13.368,13.216,1681297.76,1615348.55,1546983.18
2018-02-08,13.34,13.4,13.1,12.95,1094268.75,-0.35,-2.6,13.33,13.312,13.224,1553004.86,1547785.8,1582788.41
2018-02-09,12.89,12.98,12.78,12.24,1492573.5,-0.32,-2.44,13.258,13.247,13.218,1707926.0,1478623.48,1645315.37
2018-02-12,12.66,12.68,12.5,12.43,647992.0,-0.28,-2.19,13.062,13.151,13.192,1537225.07,1389639.58,1647054.63
2018-02-13,12.55,12.68,12.51,12.5,549002.12,0.02,0.16,12.868,13.092,13.173,1158307.5,1336735.78,1637058.41
2018-02-14,12.5,12.55,12.46,12.38,325978.12,-0.05,-0.4,12.67,13.021,13.14,821962.9,1251630.33,1589790.91
2018-02-22,12.6,12.68,12.62,12.53,420122.84,0.16,1.28,12.574,12.952,13.109,687133.72,1120069.29,1554993.02
2018-02-23,12.66,12.78,12.72,12.59,387365.16,0.09,0.71,12.562,12.91,13.083,466092.05,1087009.02,1488536.84
2018-02-26,12.77,12.84,12.73,12.61,488060.56,0.01,0.08,12.608,12.835,13.08,434105.76,985665.42,1376682.97
2018-02-27,12.75,12.76,12.68,12.61,485610.88,-0.05,-0.39,12.642,12.755,13.069,421427.51,789867.51,1292049.79
2018-02-28,12.61,12.66,12.45,12.44,398889.38,-0.24,-1.89,12.64,12.655,13.012,436009.76,628986.33,1122167.44
2018-03-01,12.4,12.5,12.46,12.38,344910.31,0.0,0.0,12.608,12.591,12.952,420967.26,554050.49,1050918.15
2018-03-02,12.4,12.46,12.41,12.36,230241.31,-0.06,-0.48,12.546,12.554,12.901,389542.49,427817.27,953220.37
2018-03-05,12.41,12.48,12.41,12.34,293434.62,0.0,0.0,12.482,12.545,12.848,350617.3,392361.53,891000.55
2018-03-06,12.48,12.51,12.49,12.38,272226.69,0.07,0.56,12.444,12.543,12.818,307940.46,364683.99,850709.88
2018-03-07,12.51,12.6,12.49,12.46,388175.75,0.0,0.0,12.452,12.546,12.784,305797.74,370903.75,811267.04
2018-03-08,12.55,12.55,12.47,12.4,221641.31,-0.02,-0.16,12.454,12.531,12.742,281143.94,351055.6,735562.44
2018-03-09,12.49,12.51,12.48,12.42,235582.88,0.01,0.08,12.468,12.507,12.709,282212.25,335877.37,711443.2
2018-03-12,12.53,12.54,12.51,12.46,251618.2,0.03,0.24,12.488,12.485,12.66,273848.97,312233.13,648949.28
2018-03-13,12.5,12.58,12.49,12.43,251450.0,-0.01,-0.08,12.488,12.466,12.611,269693.63,288817.05,539342.28
2018-03-14,12.45,12.45,12.39,12.38,228046.03,-0.1,-0.8,12.468,12.46,12.558,237667.68,271732.71,450359.52
2018-03-15,12.35,12.41,12.38,12.34,172877.73,-0.01,-0.08,12.45,12.452,12.522,227914.97,254529.45,404289.97
2018-03-16,12.36,12.4,12.31,12.3,267814.0,-0.08,-0.65,12.416,12.442,12.498,234361.19,258286.72,343051.99
2018-03-19,12.31,12.33,12.3,12.26,168960.48,0.0,0.0,12.374,12.431,12.488,217829.65,245839.31,319100.42
2018-03-20,12.28,12.39,12.3,12.25,206722.83,-0.01,-0.08,12.336,12.412,12.478,208884.21,239288.92,301986.45
2018-03-21,12.34,12.4,12.3,12.28,238784.66,-0.02,-0.16,12.318,12.393,12.47,211031.94,224349.81,297626.78
2018-03-22,12.35,12.35,12.26,12.25,229484.84,-0.03,-0.24,12.294,12.372,12.452,222353.36,225134.17,288094.88
2018-03-23,12.0,12.06,11.7,11.64,571063.94,-0.55,-4.49,12.172,12.294,12.401,283003.35,258682.27,297279.82
2018-03-26,11.71,11.75,11.62,11.5,364250.53,-0.09,-0.77,12.036,12.205,12.345,322061.36,269945.5,291089.32
2018-03-27,11.7,11.77,11.62,11.56,273328.09,0.01,0.09,11.9,12.118,12.292,335382.41,272133.31,280475.18
2018-03-28,11.53,11.75,11.57,11.52,229112.81,-0.05,-0.43,11.754,12.036,12.248,333448.04,272239.99,271986.35
2018-03-29,11.57,11.71,11.62,11.45,331088.06,0.05,0.43,11.626,11.96,12.206,353768.69,288061.02,271295.24
2018-03-30,11.63,11.69,11.65,11.61,232719.66,0.03,0.26,11.616,11.894,12.168,286099.83,284551.59,271419.16
2018-04-02,11.68,11.82,11.72,11.65,277196.0,0.07,0.6,11.636,11.836,12.134,268688.92,295375.14,270607.22
2018-04-03,11.66,11.67,11.56,11.54,183035.14,-0.15,-1.28,11.624,11.762,12.087,250630.33,293006.37,266147.65
2018-04-04,11.61,11.65,11.54,11.53,196375.09,-0.02,-0.17,11.618,11.686,12.04,244082.79,288765.42,256557.61
2018-04-09,11.53,11.59,11.5,11.49,167224.81,-0.03,-0.26,11.594,11.61,11.991,211310.14,282539.41,253836.79
2018-04-10,11.52,11.79,11.76,11.51,287482.97,0.26,2.26,11.616,11.616,11.955,222262.8,254181.32,256431.79
2018-04-11,11.79,12.02,11.92,11.75,312985.19,0.15,1.27,11.656,11.646,11.926,229420.64,249054.78,259500.14
2018-04-12,11.91,11.96,11.78,11.76,188242.89,-0.13,-1.09,11.7,11.662,11.89,230462.19,240546.26,256339.79
2018-04-13,11.83,11.89,11.69,11.69,140948.53,-0.09,-0.76,11.73,11.674,11.855,219376.88,231729.83,251984.91
2018-04-16,11.8,11.8,11.54,11.54,237200.95,-0.15,-1.28,11.738,11.666,11.813,233372.11,222341.12,255201.07
2018-04-17,11.56,11.7,11.56,11.55,254699.83,0.01,0.09,11.698,11.657,11.776,226815.48,224539.14,254545.37
2018-04-18,11.75,11.79,11.72,11.66,262952.75,0.17,1.47,11.658,11.657,11.747,216808.99,223114.82,259244.98
2018-04-19,11.8,11.89,11.78,11.76,165532.7,0.05,0.43,11.658,11.679,11.721,212266.95,221364.57,257185.47
2018-04-20,11.74,11.79,11.61,11.57,183774.06,-0.19,-1.61,11.642,11.686,11.686,220832.06,220104.47,254434.94
2018-04-23,11.56,11.75,11.6,11.53,181816.09,-0.01,-0.09,11.654,11.696,11.653,209755.09,221563.6,252051.5
2018-04-24,11.56,11.78,11.78,11.56,230328.61,0.18,1.55,11.698,11.698,11.657,204880.84,215848.16,235014.74
2018-04-25,11.71,11.77,11.66,11.65,160826.34,-0.12,-1.02,11.686,11.672,11.659,184455.56,200632.28,224843.53
2018-04-26,11.73,11.78,11.55,11.55,182057.94,-0.11,-0.94,11.64,11.649,11.656,187760.61,200013.78,220280.02
2018-04-27,11.58,11.67,11.61,11.55,234507.83,0.04,0.35,11.64,11.641,11.658,197907.36,209369.71,220549.77
2018-05-02,11.33,11.33,11.05,10.97,693256.81,-0.56,-4.82,11.53,11.592,11.629,300195.51,254975.3,238658.21
2018-05-03,10.99,11.01,10.92,10.83,346655.72,-0.11,-1.0,11.358,11.528,11.593,323460.93,264170.89,244355.01
2018-05-04,10.91,10.94,10.82,10.8,222530.89,-0.1,-0.92,11.19,11.438,11.548,335801.84,260128.7,241621.76
2018-05-07,10.82,10.89,10.85,10.76,274253.78,0.02,0.18,11.05,11.345,11.512,354241.01,271000.81,246182.69
2018-05-08,10.84,10.97,10.95,10.81,287964.53,0.11,1.01,10.918,11.279,11.483,364932.35,281419.85,250762.16
2018-05-09,10.95,11.0,10.93,10.89,185106.2,-0.02,-0.18,10.894,11.212,11.454,263302.22,281748.87,251656.23
2018-05-10,10.98,11.0,10.96,10.91,160305.0,0.03,0.27,10.902,11.13,11.414,226032.08,274746.5,245297.33
2018-05-11,11.0,11.01,10.95,10.94,220151.34,0.0,0.0,10.928,11.059,11.366,225556.17,280679.0,240655.64
2018-05-14,10.97,11.05,10.99,10.96,237633.09,0.04,0.36,10.956,11.003,11.326,218232.03,286236.52,243125.15
2018-05-15,11.03,11.05,11.0,10.88,235484.59,0.0,0.0,10.966,10.942,11.292,207736.04,286334.2,247851.95
2018-05-16,10.93,10.96,10.86,10.86,235803.45,-0.13,-1.18,10.952,10.923,11.258,217875.49,240588.86,247782.08
2018-05-17,10.86,10.91,10.84,10.81,184746.91,-0.03,-0.28,10.928,10.915,11.222,222763.88,224397.98,244284.43
2018-05-18,10.85,10.9,10.89,10.81,217171.05,0.06,0.55,10.916,10.922,11.18,222167.82,223861.99,241995.35
2018-05-21,10.98,10.98,10.94,10.9,233937.23,0.04,0.37,10.906,10.931,11.138,221428.65,219830.34,245415.57
2018-05-22,10.94,10.95,10.88,10.85,160145.02,-0.06,-0.55,10.882,10.924,11.102,206360.73,207048.39,244234.12
2018-05-23,10.88,10.89,10.8,10.79,211944.69,-0.08,-0.73,10.87,10.911,11.062,201588.98,209732.24,245740.55
2018-05-24,10.83,10.84,10.8,10.76,152295.8,0.0,0.0,10.862,10.895,11.013,195098.76,208931.32,241838.91
2018-05-25,10.83,10.83,10.7,10.68,190162.27,-0.09,-0.83,10.824,10.87,10.965,189697.0,205932.41,243305.71
2018-05-28,10.71,10.79,10.74,10.61,183703.44,0.03,0.28,10.784,10.845,10.924,179650.24,200539.45,243387.98
2018-05-29,10.7,10.74,10.63,10.61,169339.8,-0.13,-1.21,10.734,10.808,10.875,181489.2,193924.97,240129.58
2018-05-30,10.56,10.6,10.42,10.39,322307.88,-0.22,-2.07,10.658,10.764,10.844,203561.84,202575.41,221582.13
2018-05-31,10.46,10.69,10.6,10.46,455326.69,0.16,1.53,10.618,10.74,10.828,264168.02,229633.39,227015.68
2018-06-01,10.6,10.69,10.68,10.53,183655.27,0.13,1.23,10.614,10.719,10.821,262866.62,226281.81,225071.9
2018-06-04,10.76,10.83,10.74,10.7,161803.25,0.06,0.56,10.614,10.699,10.815,258486.58,219068.41,219449.38
2018-06-05,10.71,10.75,10.67,10.61,186926.09,-0.08,-0.74,10.622,10.678,10.801,262003.84,221746.52,214397.45
2018-06-06,10.64,10.64,10.54,10.53,149836.03,-0.12,-1.13,10.646,10.652,10.782,227509.47,215535.65,212633.94
2018-06-07,10.56,10.66,10.61,10.51,233556.33,0.06,0.57,10.648,10.633,10.764,183155.39,223661.71,216296.51
2018-06-08,10.55,10.57,10.41,10.37,271819.97,-0.21,-1.98,10.594,10.604,10.737,200788.33,231827.48,218879.94
2018-06-11,10.38,10.43,10.41,10.28,180042.94,-0.01,-0.1,10.528,10.571,10.708,204436.27,231461.43,216000.44
2018-06-12,10.41,10.41,10.34,10.3,160856.67,-0.08,-0.77,10.462,10.542,10.675,199222.39,230613.11,212269.04
2018-06-13,10.3,10.33,10.22,10.18,199615.77,-0.13,-1.26,10.398,10.522,10.643,209178.34,218343.9,210459.66
2018-06-14,10.16,10.26,10.21,10.16,175575.28,0.0,0.0,10.318,10.483,10.612,197582.13,190368.76,210001.07
2018-06-15,10.22,10.34,10.29,10.19,199149.91,0.07,0.69,10.294,10.444,10.582,183048.11,191918.22,209100.02
2018-06-19,10.23,10.24,9.93,9.81,429884.72,-0.37,-3.59,10.198,10.363,10.531,233016.47,218726.37,218897.39
2018-06-20,9.92,9.98,9.89,9.87,189157.41,-0.03,-0.3,10.108,10.285,10.482,238676.62,218949.5,220348.01
2018-06-21,9.88,9.98,9.8,9.75,236369.61,-0.09,-0.91,10.024,10.211,10.432,246027.39,227602.86,221569.26
2018-06-22,9.83,9.83,9.75,9.67,250400.02,-0.08,-0.81,9.932,10.125,10.379,260992.33,229287.23,226474.47
2018-06-25,9.77,9.82,9.56,9.55,242443.8,-0.2,-2.05,9.786,10.04,10.322,269651.11,226349.61,229088.54
2018-06-26,9.6,9.6,9.48,9.35,244240.95,-0.08,-0.84,9.696,9.947,10.259,232522.36,232769.41,232115.42
2018-06-27,9.41,9.53,9.36,9.36,249137.7,-0.12,-1.27,9.59,9.849,10.196,244518.42,241597.52,236105.31
2018-06-28,9.33,9.61,9.49,9.32,307413.38,0.12,1.28,9.528,9.776,10.149,258727.17,252377.28,235360.59
2018-06-29,9.56,9.6,9.57,9.45,194935.45,0.07,0.74,9.492,9.712,10.098,247634.26,254313.3,222341.03
2018-07-02,9.55,9.55,9.28,9.23,226690.89,-0.28,-2.93,9.436,9.611,10.028,244483.67,257067.39,224492.81
2018-07-03,9.29,9.38,9.35,9.2,241235.52,0.06,0.65,9.41,9.553,9.958,243882.59,238202.47,228464.42
2018-07-04,9.34,9.42,9.32,9.28,144647.77,-0.03,-0.32,9.402,9.496,9.891,222984.6,233751.51,226350.51
2018-07-05,9.26,9.35,9.24,9.22,164954.38,-0.07,-0.75,9.352,9.44,9.826,194492.8,226609.99,227106.42
2018-07-06,9.31,9.43,9.37,9.17,225944.44,0.11,1.19,9.312,9.402,9.764,200694.6,224164.43,226725.83
2018-07-09,9.37,9.63,9.6,9.37,221725.66,0.23,2.46,9.376,9.406,9.723,199701.55,222092.61,224221.11
2018-07-10,9.61,9.65,9.57,9.5,124028.37,-0.03,-0.31,9.42,9.415,9.681,176260.12,210071.36,221420.39
2018-07-11,9.37,9.44,9.38,9.32,152039.33,-0.19,-1.99,9.432,9.417,9.633,177738.44,200361.52,220979.52
2018-07-12,9.41,9.61,9.57,9.39,197048.38,0.19,2.03,9.498,9.425,9.601,184157.24,189325.02,220851.15
2018-07-13,9.57,9.58,9.49,9.46,150263.39,0.02,0.21,9.522,9.417,9.565,169021.03,184857.81,219585.55
2018-07-16,9.5,9.54,9.4,9.34,144141.19,-0.09,-0.95,9.482,9.429,9.52,153504.13,176602.84,216835.12
2018-07-17,9.41,9.48,9.44,9.38,137134.95,0.03,0.32,9.456,9.438,9.496,156125.45,166192.79,202197.63
2018-07-18,9.51,9.64,9.52,9.48,189227.0,0.08,0.85,9.484,9.458,9.477,163562.98,170650.71,202201.11
2018-07-19,9.6,9.62,9.57,9.53,183604.81,0.06,0.63,9.484,9.491,9.466,160874.27,172515.75,199562.87
2018-07-20,9.56,9.95,9.87,9.47,332756.5,0.31,3.24,9.56,9.541,9.472,197372.89,183196.96,203680.69
2018-07-23,9.91,10.03,9.96,9.74,314844.34,0.09,0.91,9.672,9.577,9.492,231513.52,192508.83,207300.72
2018-07-24,9.98,10.14,10.02,9.97,364245.59,0.06,0.6,9.788,9.622,9.519,276935.65,216530.55,213300.95
2018-07-25,10.12,10.12,10.03,9.96,158899.7,0.01,0.1,9.89,9.687,9.552,270870.19,217216.59,208789.05
2018-07-26,10.07,10.08,9.97,9.95,152063.3,-0.05,-0.5,9.97,9.727,9.576,264561.89,212718.08,201021.55
2018-07-27,9.96,10.04,10.0,9.93,121200.67,0.04,0.4,9.996,9.778,9.598,222250.72,209811.81,197334.81
2018-07-30,9.99,10.16,10.14,9.97,200963.64,0.15,1.5,10.032,9.852,9.641,199474.58,215494.05,196048.45
2018-07-31,10.12,10.2,10.17,10.0,182030.08,0.04,0.4,10.062,9.925,9.682,163031.48,219983.56,193088.17
2018-08-01,10.26,10.27,9.91,9.9,207418.84,-0.26,-2.56,10.038,9.964,9.711,172735.31,221802.75,196226.73
2018-08-02,9.91,10.03,9.75,9.66,244838.7,-0.16,-1.61,9.994,9.982,9.737,191290.39,227926.14,200220.94
2018-08-03,9.79,9.98,9.83,9.76,169979.39,0.04,0.41,9.96,9.978,9.76,201046.13,211648.43,197422.69
2018-08-06,9.97,10.03,9.91,9.87,174444.92,0.08,0.81,9.914,9.973,9.775,195742.39,197608.48,195058.65
2018-08-07,9.94,10.12,10.11,9.94,217846.61,0.2,2.02,9.902,9.982,9.802,202905.69,182968.59,199749.57
2018-08-08,10.15,10.15,10.07,10.01,134619.92,-0.04,-0.4,9.934,9.986,9.837,188345.91,180540.61,198878.6
2018-08-09,10.0,10.18,10.14,9.99,176898.53,0.09,0.9,10.012,10.003,9.865,174757.87,183024.13,197871.1
2018-08-10,10.14,10.14,10.06,10.02,131726.33,-0.08,-0.79,10.058,10.009,9.894,167107.26,184076.7,196944.25
2018-08-13,10.0,10.06,9.98,9.9,179276.69,-0.09,-0.89,10.072,9.993,9.923,168073.62,181908.0,198701.03
2018-08-14,9.98,10.07,10.06,9.95,158685.84,0.08,0.8,10.062,9.982,9.954,156241.46,179573.58,199778.57
2018-08-15,10.06,10.06,9.91,9.9,147870.33,-0.15,-1.49,10.03,9.982,9.973,158891.54,173618.73,197710.74
2018-08-16,9.87,10.12,10.06,9.84,243236.52,0.16,1.62,10.014,10.013,9.998,172159.14,173458.51,200692.32
2018-08-17,10.16,10.16,9.97,9.93,150904.55,-0.09,-0.9,9.996,10.027,10.003,175994.79,171551.02,191599.72
2018-08-20,10.17,10.17,10.15,10.01,269753.0,0.17,1.7,10.03,10.051,10.012,194090.05,181081.83,189345.16
2018-08-21,10.18,10.2,10.12,10.09,197865.34,-0.03,-0.3,10.042,10.052,10.017,201925.95,179083.71,181026.15
2018-08-22,10.12,10.14,10.09,10.0,119935.41,-0.03,-0.3,10.078,10.054,10.02,196338.96,177615.25,179077.93
2018-08-23,10.13,10.14,10.07,9.98,155378.12,-0.02,-0.2,10.08,10.047,10.025,178767.28,175463.21,179243.67
2018-08-24,10.06,10.43,10.3,10.02,322688.38,0.23,2.28,10.146,10.071,10.04,213124.05,194559.42,189318.06
2018-08-27,10.33,10.35,10.33,10.21,232666.45,0.03,0.29,10.182,10.106,10.05,205706.74,199898.39,190903.2
2018-08-28,10.3,10.38,10.3,10.25,146096.84,-0.03,-0.29,10.218,10.13,10.056,195353.04,198639.49,189106.54
2018-08-29,10.29,10.32,10.32,10.26,103620.0,0.02,0.19,10.264,10.171,10.077,192089.96,194214.46,183916.59
2018-08-30,10.3,10.41,10.17,10.17,186218.91,-0.15,-1.45,10.284,10.182,10.098,198258.12,188512.7,180985.6
2018-08-31,10.16,10.36,10.33,10.16,373117.25,0.16,1.57,10.29,10.218,10.123,208343.89,210733.97,191142.5
2018-09-03,10.27,10.3,10.24,10.17,143095.39,-0.09,-0.87,10.272,10.227,10.139,190429.68,198068.21,189575.02
2018-09-04,10.21,10.4,10.37,10.18,163530.59,0.13,1.27,10.286,10.252,10.152,193916.43,194634.73,186859.22
2018-09-05,10.31,10.37,10.12,10.12,227292.31,-0.25,-2.41,10.246,10.255,10.155,218650.89,205370.42,191492.84
2018-09-06,10.12,10.23,10.14,10.12,105469.16,0.02,0.2,10.24,10.262,10.155,202500.94,200379.53,187921.37
2018-09-07,10.15,10.25,10.19,10.12,89957.16,0.05,0.49,10.212,10.251,10.161,145868.92,177106.41,185832.91
2018-09-10,10.16,10.23,10.18,10.13,118228.13,-0.01,-0.1,10.2,10.236,10.171,140895.47,165662.57,182780.48
2018-09-11,10.22,10.27,10.02,9.98,196890.42,-0.16,-1.57,10.13,10.208,10.169,147567.44,170741.93,184690.71
2018-09-12,9.99,10.07,10.04,9.95,165061.03,0.02,0.2,10.114,10.18,10.176,135121.18,176886.04,185550.25
2018-09-13,10.17,10.3,10.29,10.11,294171.97,0.25,2.49,10.144,10.192,10.187,172861.74,187681.34,188097.02
2018-09-14,10.36,10.36,10.26,10.21,164507.8,-0.03,-0.29,10.158,10.185,10.202,187771.87,166820.4,188777.18
2018-09-17,10.26,10.28,10.15,10.1,105353.43,-0.11,-1.07,10.152,10.176,10.202,185196.93,163046.2,180557.2
2018-09-18,10.16,10.26,10.26,10.09,166847.89,0.11,1.08,10.2,10.165,10.209,179188.42,163377.93,179006.33
2018-09-19,10.28,10.29,10.24,10.2,185506.44,-0.02,-0.2,10.24,10.177,10.216,183277.51,159199.34,182284.88
2018-09-20,10.26,10.28,10.22,10.18,163070.52,-0.02,-0.2,10.226,10.185,10.224,157057.22,164959.48,182669.5
2018-09-21,10.24,10.49,10.49,10.15,375714.31,0.27,2.64,10.272,10.215,10.233,199298.52,193535.19,185320.8
2018-09-25,10.38,10.47,10.35,10.32,158791.98,-0.14,-1.33,10.312,10.232,10.234,209986.23,197591.58,181627.08
2018-09-26,10.39,10.56,10.41,10.34,311758.0,0.06,0.58,10.342,10.271,10.24,238968.25,209078.34,189910.13
2018-09-27,10.45,10.48,10.48,10.38,241827.14,0.07,0.67,10.39,10.315,10.248,250232.39,216754.95,196820.49
2018-09-28,10.49,10.75,10.62,10.44,374306.03,0.14,1.34,10.47,10.348,10.27,292479.49,224768.35,206224.85
2018-10-08,10.39,10.48,10.16,10.15,419572.75,-0.46,-4.33,10.404,10.338,10.262,301251.18,250274.85,208547.62
2018-10-09,10.08,10.24,10.15,10.07,231590.27,-0.01,-0.1,10.364,10.338,10.257,315810.84,262898.53,212972.37
2018-10-10,10.14,10.28,10.17,10.13,181247.02,0.02,0.2,10.316,10.329,10.247,289708.64,264338.45,213858.19
2018-10-11,10.0,10.05,9.8,9.71,390567.84,-0.37,-3.64,10.18,10.285,10.231,319456.78,284844.59,222021.96
2018-10-12,9.9,10.1,10.03,9.83,251451.27,0.23,2.35,10.062,10.266,10.226,294885.83,293682.66,229321.07
2018-10-15,10.05,10.16,10.03,9.97,139578.44,0.0,0.0,10.036,10.22,10.218,238886.97,270069.07,231802.13
2018-10-16,10.03,10.19,10.05,9.97,153083.44,0.02,0.2,10.016,10.19,10.211,223185.6,269498.22,233544.9
2018-10-17,10.18,10.31,10.29,10.14,265208.94,0.24,2.39,10.04,10.178,10.225,239977.99,264843.31,236960.83
2018-10-18,10.35,10.35,10.19,10.16,224039.88,-0.1,-0.97,10.118,10.149,10.232,206672.39,263064.59,239909.77
2018-10-19,10.25,10.43,10.38,10.07,403313.88,0.19,1.86,10.188,10.125,10.237,237044.92,265965.37,245366.86
2018-10-22,10.32,10.7,10.62,10.32,470034.09,0.24,2.31,10.306,10.171,10.255,303136.05,271011.51,260643.18
2018-10-23,10.64,10.7,10.45,10.45,380890.34,-0.17,-1.6,10.386,10.201,10.27,348697.43,285941.51,274420.02
2018-10-24,10.57,11.05,10.74,10.52,591655.5,0.29,2.77,10.476,10.258,10.294,413986.74,326982.36,295660.4
2018-10-25,10.6,10.89,10.84,10.54,368665.94,0.1,0.93,10.606,10.362,10.324,442911.95,324792.17,304818.38
2018-10-26,10.85,10.98,10.92,10.74,275193.09,0.08,0.74,10.714,10.451,10.359,417287.79,327166.35,310424.51
2018-10-29,11.08,11.12,10.79,10.71,352659.59,-0.13,-1.19,10.748,10.527,10.374,393812.89,348474.47,309271.77
2018-10-30,10.93,11.05,10.95,10.89,330860.5,0.16,1.48,10.848,10.617,10.404,383806.92,366252.18,317875.2
2018-10-31,10.99,11.03,10.98,10.87,217371.14,0.03,0.27,10.896,10.686,10.432,308950.05,361468.4,313155.85
2018-11-01,11.05,11.09,10.89,10.86,235053.22,-0.09,-0.82,10.906,10.756,10.453,282227.51,362569.73,312817.16
2018-11-02,11.1,11.25,11.18,10.94,477889.19,0.29,2.66,10.958,10.836,10.481,322766.73,370027.26,317996.32
2018-11-05,11.15,11.25,11.14,11.08,170127.59,-0.04,-0.36,11.028,10.888,10.53,286260.33,340036.61,305524.06
2018-11-06,11.13,11.15,11.03,11.0,184224.77,-0.11,-0.99,11.044,10.946,10.574,256933.18,320370.05,303155.78
2018-11-07,11.09,11.1,10.9,10.87,208438.64,-0.13,-1.18,11.028,10.962,10.61,255146.68,282048.37,304515.36
2018-11-08,11.05,11.1,11.06,10.9,199916.83,0.16,1.47,11.062,10.984,10.673,248119.4,265173.46,294982.81
2018-11-09,10.99,11.03,10.75,10.7,255700.5,-0.31,-2.8,10.976,10.967,10.709,203681.67,263224.2,295195.28
2018-11-12,10.77,10.95,10.8,10.75,270158.28,0.05,0.47,10.908,10.968,10.748,223687.8,254974.07,301724.27
2018-11-13,10.68,10.9,10.82,10.68,207087.3,0.02,0.18,10.866,10.955,10.786,228260.31,242596.75,304424.46
2018-11-14,10.87,10.87,10.7,10.68,179981.83,-0.12,-1.11,10.826,10.927,10.807,222568.95,238857.82,300163.11
2018-11-15,10.72,10.81,10.77,10.65,165800.59,0.07,0.65,10.768,10.915,10.836,215745.7,231932.55,297251.14
2018-11-16,10.77,10.85,10.76,10.71,213944.17,-0.01,-0.09,10.77,10.873,10.855,207394.43,205538.05,287782.66
2018-11-19,10.86,10.9,10.88,10.77,213847.94,0.12,1.11,10.786,10.847,10.868,196132.37,209910.09,274973.35
2018-11-20,10.87,10.89,10.69,10.65,218837.8,-0.19,-1.75,10.76,10.813,10.88,198482.47,213371.39,266870.72
2018-11-21,10.61,10.72,10.66,10.61,160274.58,-0.03,-0.28,10.752,10.789,10.876,194541.02,208554.98,245301.67
2018-11-22,10.73,10.73,10.64,10.57,140083.05,-0.02,-0.19,10.726,10.747,10.866,189397.51,202571.6,233872.53
2018-11-23,10.6,10.66,10.5,10.5,147150.09,-0.14,-1.32,10.674,10.722,10.845,176038.69,191716.56,227470.38
2018-11-26,10.66,10.66,10.5,10.43,143773.95,0.0,0.0,10.598,10.692,10.83,162023.89,179078.13,217026.1
2018-11-27,10.5,10.61,10.49,10.45,150846.66,-0.01,-0.1,10.558,10.659,10.807,148425.67,173454.07,208025.41
2018-11-28,10.56,10.62,10.58,10.5,183396.2,0.09,0.86,10.542,10.647,10.787,153049.99,173795.5,206326.66
2018-11-29,10.64,10.75,10.63,10.54,206856.84,0.05,0.47,10.54,10.633,10.774,166404.75,177901.13,204916.84
2018-11-30,10.65,10.75,10.71,10.62,285726.5,0.08,0.75,10.582,10.628,10.751,194120.03,185079.36,195308.71
2018-12-03,10.99,11.05,11.02,10.84,430490.69,0.31,2.89,10.686,10.642,10.745,251463.38,206743.64,208326.86
2018-12-04,11.0,11.08,11.08,10.97,208112.94,0.06,0.54,10.804,10.681,10.747,262916.63,205671.15,209521.27
2018-12-05,10.99,11.1,11.0,10.96,254912.17,-0.08,-0.72,10.888,10.715,10.752,277219.83,215134.91,211844.95
2018-12-06,10.82,10.93,10.9,10.82,235979.97,-0.1,-0.91,10.942,10.741,10.744,283044.45,224724.6,213648.1
2018-12-07,10.94,11.03,10.89,10.88,105805.5,-0.01,-0.09,10.978,10.78,10.751,247060.25,220590.14,206153.35
2018-12-10,10.77,10.9,10.83,10.77,159275.62,-0.06,-0.55,10.94,10.813,10.753,192817.24,222140.31,200609.22
2018-12-11,10.84,10.9,10.72,10.69,172342.22,-0.11,-1.02,10.868,10.836,10.748,185663.1,224289.87,198871.97
2018-12-12,10.89,10.89,10.73,10.7,124487.91,0.01,0.09,10.814,10.851,10.749,159578.24,218399.04,196097.27
2018-12-13,10.76,10.86,10.8,10.73,197923.41,0.07,0.65,10.794,10.868,10.751,151966.93,217505.69,197703.41
2018-12-14,10.74,10.8,10.62,10.59,241638.31,-0.18,-1.67,10.74,10.859,10.744,179133.49,213096.87,199088.12
2018-12-17,10.65,10.78,10.78,10.62,197462.28,0.16,1.51,10.73,10.835,10.739,186770.83,189794.03,198268.83
2018-12-18,10.68,10.82,10.57,10.54,194516.77,-0.21,-1.95,10.7,10.784,10.733,191205.74,188434.42,197052.78
2018-12-19,10.59,10.65,10.54,10.54,136036.33,-0.03,-0.28,10.662,10.738,10.727,193515.42,176546.83,195840.87
2018-12-20,10.53,10.59,10.25,10.11,300699.12,-0.29,-2.75,10.552,10.673,10.707,214070.56,183018.75,203871.67
2018-12-21,10.23,10.24,10.07,10.0,208858.62,-0.18,-1.76,10.442,10.591,10.686,207514.62,193324.06,206957.1
2018-12-24,9.98,10.04,9.91,9.86,227798.81,-0.16,-1.59,10.268,10.499,10.656,213581.93,200176.38,211158.34
2018-12-25,9.77,9.86,9.79,9.6,348103.97,-0.12,-1.21,10.112,10.406,10.621,244299.37,217752.55,221021.21
2018-12-26,9.81,9.88,9.67,9.64,205692.02,-0.12,-1.23,9.938,10.3,10.576,258230.51,225872.96,222136.0
2018-12-27,9.77,9.8,9.66,9.66,273475.62,-0.01,-0.1,9.82,10.186,10.527,252785.81,233428.19,225466.94
2018-12-28,9.72,9.95,9.8,9.71,274040.28,0.14,1.45,9.766,10.104,10.482,265822.14,236668.38,224882.63
2019-01-02,9.74,9.79,9.7,9.58,237628.22,-0.1,-1.02,9.724,9.996,10.416,267788.02,240684.98,215239.5
2019-01-03,9.7,9.82,9.81,9.66,186542.62,0.11,1.13,9.728,9.92,10.352,235475.75,239887.56,214160.99
2019-01-04,9.73,10.0,9.96,9.7,271728.44,0.15,1.53,9.786,9.862,10.3,248683.04,253456.77,215001.8
2019-01-07,10.09,10.09,9.98,9.92,235973.77,0.02,0.2,9.85,9.835,10.254,241182.67,246984.24,215001.49
2019-01-08,10.03,10.03,9.96,9.91,151049.33,-0.02,-0.2,9.882,9.824,10.208,216584.48,241203.31,217263.68
2019-01-09,10.06,10.16,9.99,9.98,231637.2,0.03,0.3,9.94,9.832,10.166,215386.27,241587.15,220881.76
2019-01-10,9.94,10.02,9.96,9.92,159235.66,-0.03,-0.3,9.97,9.849,10.128,209924.88,222700.32,220226.43
2019-01-11,10.03,10.15,10.05,9.96,190690.69,0.09,0.9,9.988,9.887,10.094,193717.33,221200.18,223536.57
2019-01-14,10.03,10.1,10.06,10.01,203528.41,0.01,0.1,10.004,9.927,10.057,187228.26,214205.46,223816.82
2019-01-15,10.1,10.15,10.11,10.05,156321.25,0.05,0.5,10.034,9.958,10.031,188282.64,202433.56,219550.97
2019-01-16,10.1,10.15,10.13,10.07,129883.4,0.02,0.2,10.062,10.001,9.999,167931.88,191659.08,216172.03
2019-01-17,10.17,10.28,10.17,10.07,227660.48,0.04,0.4,10.104,10.037,9.979,181616.85,195770.86,217829.21
2019-01-18,10.29,10.44,10.43,10.22,290871.41,0.26,2.56,10.18,10.084,9.973,201652.99,197685.16,225570.97
2019-01-21,10.36,10.46,10.35,10.3,189477.89,-0.08,-0.77,10.238,10.121,9.978,198842.89,193035.57,220009.9
2019-01-22,10.38,10.38,10.25,10.23,162505.56,-0.1,-0.97,10.266,10.15,9.987,200079.75,194181.2,217692.25
2019-01-23,10.29,10.34,10.27,10.25,165203.27,0.02,0.2,10.294,10.178,10.005,207143.72,187537.8,214562.47
2019-01-24,10.34,10.39,10.38,10.27,150066.98,0.11,1.07,10.336,10.22,10.035,191625.02,186620.93,204660.63
2019-01-25,10.45,10.56,10.5,10.38,196965.88,0.12,1.16,10.35,10.265,10.076,172843.92,187248.45,204224.32
2019-01-28,10.53,10.66,10.42,10.39,217690.73,-0.08,-0.76,10.364,10.301,10.114,178486.48,188664.69,201435.07
2019-01-29,10.39,10.63,10.58,10.38,237680.05,0.16,1.54,10.43,10.348,10.153,193521.38,196800.57,199617.06
2019-01-30,10.59,10.64,10.5,10.47,160542.56,-0.08,-0.76,10.476,10.385,10.193,192589.24,199866.48,195762.78
2019-01-31,10.59,10.73,10.73,10.51,251310.34,0.23,2.19,10.546,10.441,10.239,212837.91,202231.47,199001.17
2019-02-01,10.82,10.82,10.77,10.62,191193.44,0.04,0.37,10.6,10.475,10.28,211683.42,192263.67,194974.42
2019-02-11,10.62,10.73,10.7,10.62,202165.69,-0.07,-0.65,10.656,10.51,10.316,208578.42,193532.45,193284.01
2019-02-12,10.71,10.73,10.72,10.63,167696.02,0.02,0.19,10.684,10.557,10.354,194581.61,194051.5,194116.35
2019-02-13,10.74,10.93,10.86,10.68,302486.94,0.14,1.31,10.756,10.616,10.397,222970.49,207779.86,197658.83
2019-02-14,10.85,10.91,10.82,10.8,198152.86,-0.04,-0.37,10.774,10.66,10.44,212338.99,212588.45,199604.69
2019-02-15,10.78,10.85,10.66,10.66,177587.89,-0.16,-1.48,10.752,10.676,10.471,209617.88,210650.65,198949.55
2019-02-18,10.75,10.87,10.84,10.7,201022.19,0.18,1.69,10.78,10.718,10.51,209389.18,208983.8,198824.24
2019-02-19,10.85,10.96,10.8,10.78,259527.45,-0.04,-0.37,10.796,10.74,10.544,227755.47,211168.54,203984.55
2019-02-20,10.92,10.92,10.83,10.81,222863.11,0.03,0.28,10.79,10.773,10.579,211830.7,217400.59,208633.54
2019-02-21,10.83,10.93,10.79,10.75,254023.91,-0.04,-0.37,10.784,10.779,10.61,223004.91,217671.95,209951.71
2019-02-22,10.76,11.01,11.01,10.76,259074.38,0.22,2.04,10.854,10.803,10.639,239302.21,224460.04,208361.86
2019-02-25,11.03,11.95,11.92,11.03,937122.62,0.91,8.27,11.07,10.925,10.718,386522.29,297955.74,245744.09
2019-02-26,11.91,12.15,11.65,11.6,836432.62,-0.27,-2.27,11.24,11.018,10.788,501903.33,364829.4,279440.45
2019-02-27,11.71,12.07,11.83,11.67,712016.0,0.18,1.54,11.44,11.115,10.866,599733.91,405782.3,306781.08
2019-02-28,11.83,11.92,11.74,11.68,393934.12,-0.09,-0.76,11.63,11.207,10.934,627715.95,425360.43,318974.44
2019-03-01,11.81,12.06,12.02,11.6,632546.19,0.28,2.38,11.832,11.343,11.01,702410.31,470856.26,340753.46
2019-03-04,12.12,12.38,12.02,11.95,850247.75,0.0,0.0,11.852,11.461,11.09,685035.34,535778.82,372381.31
2019-03-05,12.01,12.04,11.98,11.87,545642.0,-0.04,-0.33,11.918,11.579,11.16,626877.21,564390.27,387779.4
2019-03-06,11.99,12.15,12.02,11.86,536931.62,0.04,0.33,11.956,11.698,11.236,591860.34,595797.12,406598.86
2019-03-07,12.03,12.04,11.88,11.87,526188.25,-0.14,-1.17,11.984,11.807,11.293,618311.16,623013.56,420342.75
2019-03-08,11.72,11.72,11.5,11.36,526705.31,-0.38,-3.2,11.88,11.856,11.33,597142.99,649776.65,437118.35
2019-03-11,11.44,11.59,11.47,11.36,399220.19,-0.03,-0.26,11.77,11.811,11.368,506937.47,595986.41,446971.07
2019-03-12,11.59,11.69,11.44,11.4,522118.06,-0.03,-0.26,11.662,11.79,11.404,502232.69,564554.95,464692.17
2019-03-13,11.41,11.56,11.44,11.3,413730.12,0.0,0.0,11.546,11.751,11.433,477592.39,534726.36,470254.33
2019-03-14,11.46,11.58,11.46,11.43,343379.0,0.02,0.17,11.462,11.723,11.465,441030.54,529670.85,477515.64
2019-03-15,11.47,11.6,11.43,11.43,337693.19,-0.03,-0.26,11.448,11.664,11.504,403228.11,500185.55,485520.9
2019-03-18,11.45,11.6,11.59,11.37,438795.62,0.16,1.4,11.472,11.621,11.541,411143.2,459040.34,497409.58
2019-03-19,11.63,11.67,11.55,11.51,275002.31,-0.04,-0.34,11.494,11.578,11.579,361720.05,431976.37,498183.32
2019-03-20,11.52,11.64,11.55,11.49,273254.25,0.0,0.0,11.516,11.531,11.615,333624.87,405608.63,500702.88
2019-03-21,11.56,11.59,11.46,11.44,350370.34,-0.09,-0.78,11.516,11.489,11.648,335023.14,388026.84,505520.2
2019-03-22,11.49,11.51,11.39,11.31,354364.47,-0.07,-0.61,11.508,11.478,11.667,338357.4,370792.76,510284.7
2019-03-25,11.28,11.29,11.03,11.01,577165.75,-0.36,-3.16,11.396,11.434,11.623,366031.42,388587.31,492286.86
2019-03-26,11.11,11.14,11.09,11.03,307957.22,0.06,0.54,11.304,11.399,11.595,372622.41,367171.23,465863.09
2019-03-27,11.11,11.24,11.08,11.04,421244.88,-0.01,-0.09,11.21,11.363,11.557,402220.53,367922.7,451324.53
2019-03-28,11.03,11.05,11.03,10.9,292961.19,-0.05,-0.45,11.124,11.32,11.522,390738.7,362880.92,446275.89
2019-03-29,10.98,11.3,11.28,10.98,605262.69,0.25,2.27,11.102,11.305,11.485,440918.35,389637.87,444911.71
2019-04-01,11.36,11.52,11.44,11.29,706374.06,0.16,1.42,11.184,11.29,11.456,466760.01,416395.72,437718.03
2019-04-02,11.5,11.52,11.44,11.41,467147.09,0.0,0.0,11.254,11.279,11.429,498597.98,435610.19,433793.28
2019-04-03,11.37,11.54,11.5,11.34,502710.28,0.06,0.52,11.338,11.274,11.403,514891.06,458555.8,432082.21
2019-04-04,11.55,11.71,11.71,11.54,752325.25,0.21,1.83,11.474,11.299,11.394,606763.87,498751.29,443389.06
2019-04-08,11.79,11.96,11.72,11.65,778703.75,0.01,0.09,11.562,11.332,11.405,641452.09,541185.22,455988.99
2019-04-09,11.72,11.75,11.54,11.49,568959.94,-0.18,-1.54,11.582,11.383,11.409,613969.26,540364.64,464475.97
2019-04-10,11.5,11.56,11.48,11.42,410275.38,-0.06,-0.52,11.59,11.422,11.411,602594.92,550596.45,458883.84
2019-04-11,11.47,11.59,11.47,11.35,501727.94,-0.01,-0.09,11.584,11.461,11.412,602398.45,558644.76,463283.73
2019-04-12,11.47,11.56,11.49,11.43,262736.91,0.02,0.17,11.54,11.507,11.414,504480.78,555622.33,459251.63
2019-04-15,11.67,11.77,11.47,11.46,705091.69,-0.02,-0.17,11.49,11.526,11.416,489758.37,565605.23,477621.55
2019-04-16,11.46,11.99,11.95,11.43,1006654.0,0.48,4.18,11.572,11.577,11.434,577297.18,595633.22,506014.47
2019-04-17,11.96,12.09,11.91,11.88,681572.12,-0.04,-0.34,11.658,11.624,11.452,631556.53,617075.73,526342.96
2019-04-18,11.91,12.05,11.91,11.84,430489.81,0.0,0.0,11.746,11.665,11.47,617308.91,609853.68,534204.74
2019-04-19,12.01,12.2,12.01,11.86,560130.44,0.1,0.84,11.85,11.695,11.497,676787.61,590634.2,544692.74
2019-04-22,12.02,12.07,11.71,11.68,533894.19,-0.3,-2.5,11.898,11.694,11.513,642548.11,566153.24,553669.23
2019-04-23,11.68,11.8,11.7,11.63,338477.19,-0.01,-0.09,11.848,11.71,11.547,508912.75,543104.97,541734.8
2019-04-24,11.76,11.77,11.62,11.51,382011.09,-0.08,-0.68,11.79,11.724,11.573,449000.54,540278.54,545437.49
2019-04-25,11.56,11.69,11.54,11.48,408761.28,-0.08,-0.69,11.716,11.731,11.596,444654.84,530981.87,544813.31
2019-04-26,11.43,11.56,11.32,11.28,424695.81,-0.22,-1.91,11.578,11.714,11.611,417567.91,547177.76,551400.05
2019-04-29,11.35,11.54,11.48,11.34,385869.38,0.16,1.41,11.532,11.715,11.621,387962.95,515255.53,540430.38
2019-04-30,11.7,12.09,11.97,11.7,1234747.38,0.49,4.27,11.586,11.717,11.647,567216.99,538064.87,566849.05
2019-05-06,11.75,11.86,11.8,11.54,1245454.12,-0.17,-1.42,11.622,11.706,11.665,739905.59,594453.07,605764.4
2019-05-07,11.82,11.94,11.8,11.6,854899.25,0.0,0.0,11.674,11.695,11.68,829133.19,636894.01,623373.85
2019-05-08,11.64,11.78,11.51,11.49,585001.0,-0.29,-2.46,11.712,11.645,11.67,861194.23,639381.07,615007.63
2019-05-09,11.48,11.56,11.12,11.1,641280.5,-0.39,-3.39,11.64,11.586,11.64,912276.45,650119.7,608136.47
2019-05-10,11.23,11.42,11.32,11.06,485507.22,0.2,1.8,11.51,11.548,11.629,762428.42,664822.7,603963.84
2019-05-13,11.2,11.4,11.31,11.15,402849.62,-0.01,-0.09,11.412,11.517,11.621,593907.52,666906.56,603592.55
2019-05-14,11.18,11.44,11.21,11.17,418889.97,-0.1,-0.88,11.294,11.484,11.608,506705.66,667919.43,599450.65
2019-05-15,11.28,11.42,11.32,11.23,344044.66,0.11,0.98,11.256,11.484,11.599,458514.39,659854.31,603516.04
2019-05-16,11.28,11.36,11.3,11.22,341417.56,-0.02,-0.18,11.292,11.466,11.591,398541.81,655409.13,585332.33
2019-05-17,11.32,11.35,11.24,11.2,383998.31,-0.06,-0.53,11.276,11.393,11.555,378240.02,570334.22,554199.55
2019-05-20,11.28,11.44,11.34,11.25,349044.38,0.1,0.89,11.282,11.347,11.527,367478.98,480693.25,537573.16
2019-05-21,11.33,11.45,11.32,11.31,329758.72,-0.02,-0.18,11.304,11.299,11.497,349652.73,428179.19,532536.6
2019-05-22,11.32,11.34,11.16,11.12,400003.91,-0.16,-1.41,11.272,11.264,11.455,360844.58,409679.49,524530.28
2019-05-23,11.12,11.15,11.1,10.95,363126.88,-0.06,-0.54,11.232,11.262,11.424,365186.44,381864.12,515991.91
2019-05-24,11.17,11.22,11.11,11.0,241602.66,0.01,0.09,11.206,11.241,11.395,336707.31,357473.67,511148.19
2019-05-27,11.09,11.26,11.22,10.96,350879.16,0.11,0.99,11.182,11.232,11.375,337074.27,352276.62,509591.59
2019-05-28,11.19,11.3,11.29,11.02,722781.38,0.07,0.62,11.176,11.24,11.362,415678.8,382665.76,525292.59
2019-05-29,11.17,11.29,11.12,11.07,408609.69,-0.17,-1.51,11.168,11.22,11.352,417399.95,389122.27,524488.29
2019-05-30,11.18,11.18,11.11,11.03,266500.34,-0.01,-0.09,11.17,11.201,11.334,398074.65,381630.54,518519.84
2019-05-31,11.11,11.23,11.13,11.05,369767.28,0.02,0.18,11.174,11.19,11.292,423707.57,380207.44,475270.83
2019-06-03,11.17,11.29,11.28,11.13,304920.62,0.15,1.35,11.186,11.184,11.266,414515.86,375795.06,428244.16
2019-06-04,11.29,11.37,11.35,11.26,250773.94,0.07,0.62,11.198,11.187,11.243,320114.37,367896.59,398037.89
2019-06-05,11.43,11.52,11.41,11.35,314236.41,0.06,0.53,11.256,11.212,11.238,301239.72,359319.84,384499.66
2019-06-06,11.51,11.51,11.47,11.38,264272.16,0.06,0.53,11.328,11.249,11.256,300794.08,349434.36,365649.24
2019-06-10,11.57,11.7,11.61,11.53,431837.78,0.14,1.22,11.424,11.299,11.27,313208.18,368457.88,362965.77
2019-06-11,11.35,11.45,11.42,11.27,522662.16,0.16,1.42,11.452,11.319,11.276,356756.49,385636.18,368956.4
2019-06-12,11.42,11.7,11.6,11.4,506352.28,0.18,1.58,11.502,11.35,11.295,407872.16,363993.27,373329.51
2019-06-13,11.57,11.79,11.7,11.5,469660.16,0.1,0.86,11.56,11.408,11.314,438956.91,370098.31,379610.29
2019-06-14,11.74,11.87,11.79,11.71,473851.75,0.09,0.77,11.624,11.476,11.339,480872.83,390833.45,386232.0
2019-06-17,11.78,11.92,11.77,11.75,352201.03,-0.02,-0.17,11.656,11.54,11.365,464945.48,389076.83,384642.13
2019-06-18,11.82,11.9,11.82,11.72,289651.25,0.05,0.42,11.736,11.594,11.389,418343.29,387549.89,381672.48
2019-06-19,12.04,12.07,11.88,11.81,449277.44,0.06,0.51,11.792,11.647,11.417,406928.33,407400.24,387648.41
2019-06-20,11.95,12.32,12.2,11.85,716474.94,0.32,2.69,11.892,11.726,11.469,456291.28,447624.1,403471.97
2019-06-21,12.18,12.3,12.09,12.03,553811.81,-0.11,-0.9,11.952,11.788,11.519,472283.29,476578.06,413006.21
2019-06-24,12.09,12.13,12.03,11.96,341953.38,-0.06,-0.5,12.004,11.83,11.565,470233.76,467589.62,418023.75
2019-06-25,11.98,11.98,11.66,11.51,803593.69,-0.37,-3.08,11.972,11.854,11.587,573022.25,495682.77,440659.47
2019-06-26,11.56,11.73,11.66,11.55,369732.0,0.0,0.0,11.928,11.86,11.605,557113.16,482020.75,423007.01
2019-06-27,11.68,11.84,11.64,11.55,479977.84,-0.02,-0.17,11.816,11.854,11.631,509813.74,483052.51,426575.41
2019-06-28,11.67,11.68,11.68,11.54,295451.72,0.04,0.34,11.734,11.843,11.66,458141.73,465212.51,428022.98
2019-07-01,11.86,11.92,11.71,11.69,548878.81,0.03,0.26,11.67,11.837,11.689,499526.81,484880.29,436978.56
2019-07-02,11.72,11.74,11.61,11.57,511657.28,-0.1,-0.85,11.66,11.816,11.705,441139.53,507080.89,447315.39
2019-07-03,11.62,11.63,11.56,11.51,365670.84,-0.05,-0.43,11.64,11.784,11.716,440327.3,498720.23,453060.24
2019-07-04,11.61,11.67,11.62,11.57,303692.0,0.06,0.52,11.636,11.726,11.726,405070.13,457441.94,452533.02
2019-07-05,11.63,11.64,11.57,11.53,257532.41,-0.05,-0.43,11.614,11.674,11.731,397486.27,427814.0,452196.03
2019-07-08,11.56,11.57,11.36,11.31,347106.75,-0.21,-1.81,11.544,11.607,11.719,357131.86,428329.33,447959.48
2019-07-09,11.4,11.43,11.37,11.33,218854.05,0.01,0.09,11.496,11.578,11.716,298571.21,369855.37,432769.07
2019-07-10,11.43,11.43,11.35,11.31,234098.91,-0.02,-0.18,11.454,11.547,11.704,272256.82,356292.06,419156.4
2019-07-11,11.43,11.46,11.4,11.34,232858.34,0.05,0.44,11.41,11.523,11.689,258090.09,331580.11,407316.31
2019-07-12,11.39,11.62,11.52,11.39,348169.97,0.12,1.05,11.4,11.507,11.675,276217.6,336851.94,401032.22
2019-07-15,11.4,11.54,11.5,11.22,403056.03,-0.02,-0.17,11.428,11.486,11.662,287407.46,322269.66,403574.97
2019-07-16,11.5,11.57,11.55,11.44,216060.06,0.05,0.43,11.464,11.48,11.648,286848.66,292709.94,399895.41
2019-07-17,11.49,11.57,11.48,11.46,174803.72,-0.07,-0.61,11.49,11.472,11.628,274989.62,273623.22,386171.73
2019-07-18,11.53,11.53,11.49,11.45,182600.34,0.01,0.09,11.508,11.459,11.593,264938.02,261514.06,359478.0
2019-07-19,11.51,11.63,11.58,11.49,196196.22,0.09,0.78,11.52,11.46,11.567,234543.27,255380.44,341597.22
2019-07-22,11.54,11.63,11.48,11.47,256178.75,-0.1,-0.86,11.516,11.472,11.54,205167.82,246287.64,337308.49
2019-07-23,11.43,11.56,11.49,11.43,179278.98,0.01,0.09,11.504,11.484,11.531,197811.6,242330.13,306092.75
2019-07-24,11.54,11.68,11.59,11.53,241122.88,0.1,0.87,11.526,11.508,11.528,211075.43,243032.53,299662.3
2019-07-25,11.57,11.96,11.88,11.57,559002.19,0.29,2.5,11.604,11.556,11.54,286355.8,275646.91,303613.51
2019-07-26,11.83,11.94,11.87,11.81,303689.88,-0.01,-0.08,11.662,11.591,11.549,307854.54,271198.91,304025.42
2019-07-29,11.9,11.94,11.86,11.8,214650.11,-0.01,-0.08,11.738,11.627,11.557,299548.81,252358.31,287313.99
2019-07-30,11.84,12.0,11.86,11.84,337310.03,0.0,0.0,11.812,11.658,11.569,331155.02,264483.31,278596.62
2019-07-31,11.81,11.94,11.87,11.73,306507.59,0.01,0.08,11.868,11.697,11.585,344231.96,277653.7,275638.46
2019-08-01,11.76,11.85,11.65,11.63,324717.03,-0.22,-1.85,11.822,11.713,11.586,297374.93,291865.37,276689.71
2019-08-02,11.48,11.56,11.48,11.41,389760.91,-0.17,-1.46,11.744,11.703,11.582,314589.13,311221.84,283301.14
2019-08-05,11.42,11.46,11.24,11.23,427190.72,-0.24,-2.09,11.62,11.679,11.576,357097.26,328323.03,287305.34
2019-08-06,11.1,11.23,11.09,10.97,452038.53,-0.15,-1.33,11.466,11.639,11.562,380042.96,355598.99,298964.56
2019-08-07,11.14,11.16,11.07,11.05,314620.84,-0.02,-0.18,11.306,11.587,11.548,381665.61,362948.78,302990.66
2019-08-08,11.15,11.31,11.26,11.11,332580.84,0.19,1.72,11.228,11.525,11.541,383238.37,340306.65,307976.78
2019-08-09,11.31,11.41,11.37,11.26,406379.94,0.11,0.98,11.206,11.475,11.533,386562.17,350575.65,310887.28
2019-08-12,11.33,11.45,11.43,11.31,349890.81,0.06,0.53,11.244,11.432,11.53,371102.19,364099.72,308229.02
2019-08-13,11.4,11.4,11.33,11.29,188399.8,-0.1,-0.88,11.292,11.379,11.519,318374.45,349208.7,306846.01
2019-08-14,11.42,11.48,11.28,11.28,198744.56,-0.05,-0.44,11.334,11.32,11.509,295199.19,338432.4,308043.05
2019-08-15,11.16,11.32,11.29,11.12,191011.92,0.01,0.09,11.34,11.284,11.499,266885.41,325061.89,308463.63
2019-08-16,11.25,11.34,11.22,11.21,248235.61,-0.07,-0.62,11.31,11.258,11.481,235256.54,310909.36,311065.6
2019-08-19,11.22,11.38,11.38,11.08,382533.41,0.16,1.43,11.3,11.272,11.476,241785.06,306443.63,317383.33
2019-08-20,11.3,11.47,11.37,11.28,237580.5,-0.01,-0.09,11.308,11.3,11.47,251621.2,284997.82,320298.41
2019-08-21,11.35,11.44,11.41,11.34,146565.38,0.04,0.35,11.334,11.334,11.461,241185.36,268192.28,315570.53
2019-08-22,11.43,11.45,11.43,11.37,158668.36,0.02,0.17,11.362,11.351,11.438,234716.65,250801.03,295553.84
2019-08-23,11.39,11.59,11.59,11.38,336553.78,0.16,1.4,11.436,11.373,11.424,252380.29,243818.41,297197.03
2019-08-26,11.39,11.44,11.3,11.15,418451.75,-0.29,-2.5,11.42,11.36,11.396,259563.95,250674.51,307387.12
2019-08-27,11.37,11.57,11.3,11.3,662474.56,0.0,0.0,11.406,11.357,11.368,344542.77,298081.98,323645.34
2019-08-28,11.37,11.4,11.32,11.3,255255.97,0.02,0.18,11.388,11.361,11.341,366280.88,303733.12,321082.76
2019-08-29,11.3,11.35,11.23,11.18,280495.94,-0.09,-0.8,11.348,11.355,11.32,390646.4,312681.53,318871.71
2019-08-30,11.34,11.37,11.28,11.22,254240.05,0.05,0.45,11.286,11.361,11.31,374183.65,313281.97,312095.66
2019-09-02,11.3,11.42,11.34,11.24,277498.78,0.06,0.53,11.294,11.357,11.315,345993.06,302778.51,304611.07
2019-09-03,11.39,11.41,11.35,11.31,162866.09,0.01,0.09,11.304,11.355,11.328,246071.37,295307.07,290152.44
2019-09-04,11.4,11.5,11.49,11.36,306709.62,0.14,1.23,11.338,11.363,11.349,256362.1,311321.49,289756.88
2019-09-05,11.5,11.74,11.62,11.5,468280.0,0.13,1.13,11.416,11.382,11.367,293918.91,342282.65,296541.84
2019-09-06,11.68,11.7,11.69,11.58,343920.56,0.07,0.6,11.498,11.392,11.383,311855.01,343019.33,293418.87
2019-09-09,11.78,11.79,11.75,11.68,400593.69,0.06,0.51,11.58,11.437,11.399,336473.99,341233.53,295954.02
2019-09-10,11.79,11.86,11.85,11.69,370410.97,0.1,0.85,11.68,11.492,11.425,377982.97,312027.17,305054.58
2019-09-11,11.85,12.0,11.95,11.85,390636.53,0.1,0.84,11.772,11.555,11.458,394768.35,325565.22,314649.17
2019-09-12,12.08,12.09,12.0,11.92,261048.23,0.05,0.42,11.848,11.632,11.494,353322.0,323620.45,318150.99
2019-09-16,11.99,12.01,11.93,11.83,254891.16,-0.07,-0.58,11.896,11.697,11.529,335516.12,323685.56,318483.77
2019-09-17,11.96,12.01,11.81,11.77,335589.31,-0.12,-1.01,11.908,11.744,11.551,322515.24,329494.62,316136.56
2019-09-18,11.94,12.0,11.93,11.87,313872.72,0.12,1.02,11.924,11.802,11.579,311207.59,344595.28,319951.17
2019-09-19,12.0,12.0,11.94,11.88,237421.7,0.01,0.08,11.922,11.847,11.605,280564.62,337666.49,324493.99
2019-09-20,11.99,11.99,11.95,11.85,401092.78,0.01,0.08,11.912,11.88,11.631,308573.53,330947.77,336615.21
2019-09-23,11.9,11.92,11.75,11.68,277107.94,-0.2,-1.67,11.876,11.886,11.639,313016.89,324266.5,333642.92
2019-09-24,11.81,11.86,11.75,11.73,218709.62,0.0,0.0,11.864,11.886,11.662,289640.95,306078.1,323655.81
2019-09-25,11.75,11.95,11.81,11.69,301363.56,0.06,0.51,11.84,11.882,11.687,287139.12,299173.36,305600.26
2019-09-26,11.88,12.18,11.97,11.84,727264.62,0.16,1.35,11.846,11.884,11.72,385107.7,332836.16,329200.69
2019-09-27,11.95,11.99,11.9,11.76,368078.78,-0.07,-0.58,11.836,11.874,11.753,378504.9,343539.22,333579.84
2019-09-30,11.85,12.07,11.84,11.81,359475.78,-0.06,-0.5,11.854,11.865,11.781,394978.47,353997.68,338841.62
2019-10-08,11.8,12.03,11.9,11.8,324158.88,0.06,0.51,11.884,11.874,11.809,416068.32,352854.64,341174.63
2019-10-09,11.82,12.13,11.99,11.8,422096.03,0.09,0.76,11.92,11.88,11.841,440214.82,363676.97,354136.12
2019-10-10,12.02,12.04,11.96,11.91,272612.28,-0.03,-0.25,11.918,11.882,11.865,349284.35,367196.03,352431.26
2019-10-11,12.05,12.45,12.45,12.0,920308.0,0.49,4.1,12.028,11.932,11.906,459730.19,419117.55,375032.66
2019-10-14,12.59,13.22,12.94,12.52,1239701.0,0.49,3.94,12.248,12.051,11.969,635775.24,515376.86,419821.68
2019-10-15,12.95,13.14,13.09,12.86,733945.94,0.15,1.16,12.486,12.185,12.036,717732.65,566900.49,436489.29
2019-10-16,13.08,13.33,13.08,12.9,670022.25,-0.01,-0.08,12.704,12.312,12.097,767317.89,603766.36,451469.86
2019-10-17,13.07,13.25,13.17,13.03,478693.12,0.09,0.69,12.946,12.432,12.158,808534.06,578909.21,455872.69
2019-10-18,13.24,13.29,12.78,12.72,649928.94,-0.39,-2.96,13.012,12.52,12.197,754458.25,607094.22,475316.72
2019-10-21,12.8,13.03,12.91,12.75,389962.88,0.13,1.02,13.006,12.627,12.246,584510.63,610142.93,482070.31
2019-10-22,13.03,13.05,12.93,12.77,313962.56,0.02,0.15,12.974,12.73,12.302,500513.95,609123.3,480988.97
2019-10-23,12.89,12.95,12.86,12.77,328214.12,-0.07,-0.54,12.93,12.817,12.349,432152.32,599735.11,481706.04
2019-10-24,12.98,13.24,13.09,12.95,1031588.06,0.23,1.79,12.914,12.93,12.406,542731.31,675632.69,521414.36
2019-10-25,13.09,13.09,12.9,12.78,978763.56,-0.19,-1.45,12.938,12.975,12.454,608498.24,681478.24,550297.9
2019-10-28,12.75,12.88,12.7,12.65,723804.69,-0.2,-1.55,12.896,12.951,12.501,675266.6,629888.61,572632.73
2019-10-29,12.74,12.85,12.77,12.62,526040.88,0.07,0.55,12.864,12.919,12.552,717682.26,609098.11,587999.3
2019-10-30,12.75,12.79,12.59,12.52,537347.31,-0.18,-1.41,12.81,12.87,12.591,759508.9,595830.61,599798.48
2019-10-31,12.68,12.7,12.51,12.5,333475.34,-0.08,-0.64,12.694,12.804,12.618,619886.36,581308.83,580109.02
2019-11-01,12.5,12.83,12.75,12.44,627057.31,0.24,1.92,12.664,12.801,12.661,549545.11,579021.67,593057.95
2019-11-04,12.75,12.89,12.74,12.69,497379.97,-0.01,-0.08,12.672,12.784,12.706,504260.16,589763.38,599953.16
2019-11-05,12.74,13.19,12.95,12.69,742743.88,0.21,1.65,12.708,12.786,12.758,547600.76,632641.51,620882.41
2019-11-06,12.95,13.1,12.92,12.86,460239.19,-0.03,-0.23,12.774,12.792,12.805,532179.14,645844.02,622789.56
2019-11-07,12.95,12.95,12.76,12.71,462672.81,-0.16,-1.24,12.824,12.759,12.845,558018.63,588952.49,632292.59
2019-11-08,12.8,12.81,12.57,12.56,488418.66,-0.19,-1.49,12.788,12.726,12.851,530290.9,539918.0,610698.12
2019-11-11,12.48,12.48,12.29,12.29,385942.66,-0.28,-2.23,12.698,12.685,12.818,508003.44,506131.8,568010.21
2019-11-12,12.31,12.36,12.24,12.17,392393.94,-0.05,-0.41,12.556,12.632,12.776,437933.45,492767.11,550932.61
2019-11-13,12.21,12.29,12.23,12.15,322749.78,-0.01,-0.08,12.418,12.596,12.733,410435.57,471307.35,533568.98
2019-11-14,12.23,12.27,12.14,12.1,289436.47,-0.09,-0.74,12.294,12.559,12.682,375788.3,466903.47,524106.15
2019-11-15,12.22,12.26,12.15,12.12,273243.0,0.01,0.08,12.21,12.499,12.65,332753.17,431522.04,505271.85
2019-11-18,12.17,12.35,12.24,12.13,287965.28,0.09,0.74,12.2,12.449,12.617,313157.69,410580.57,500171.97
2019-11-19,12.2,12.31,12.23,12.18,293708.03,-0.01,-0.08,12.198,12.377,12.582,293420.51,365676.98,499159.25
2019-11-20,12.17,12.22,12.04,12.01,380920.59,-0.19,-1.55,12.16,12.289,12.541,305054.67,357745.12,501794.57
2019-11-21,12.0,12.04,11.96,11.91,346171.75,-0.08,-0.66,12.124,12.209,12.484,316401.73,346095.02,467523.76
2019-11-22,12.01,12.06,11.99,11.94,295311.0,0.03,0.25,12.092,12.151,12.439,320815.33,326784.25,433351.13
2019-11-25,12.03,12.14,12.07,12.0,251532.56,0.08,0.67,12.058,12.129,12.407,313528.79,313343.24,409737.52
2019-11-26,12.15,12.17,12.06,11.98,596332.62,-0.01,-0.08,12.024,12.111,12.372,374053.7,333737.11,413252.11
2019-11-27,12.07,12.07,11.99,11.9,287039.56,-0.07,-0.58,12.014,12.087,12.342,355277.5,330166.09,400736.72
2019-11-28,12.0,12.01,11.96,11.92,177972.25,-0.03,-0.25,12.014,12.069,12.314,321637.6,319019.66,392961.57
2019-11-29,11.93,12.07,11.91,11.89,245669.34,-0.05,-0.42,11.998,12.045,12.272,311709.27,316262.3,373892.17
2019-12-02,11.96,11.97,11.87,11.82,221630.2,-0.04,-0.34,11.958,12.008,12.229,305728.79,309628.79,360104.68
