,Unnamed: 0,code,3月3日,3月10日,3月17日,3月24日,3月31日,4月7日,4月14日,4月21日,4月28日,5月5日,5月12日,5月19日,5月26日,6月2日,6月9日,6月16日,6月23日,6月30日,7月7日,7月14日,7月21日,7月28日,8月4日,8月11日,8月18日,8月25日,9月1日,9月8日,9月15日,9月22日,3月4日,3月11日,3月18日,3月25日,4月1日,4月8日,4月15日,4月22日,4月29日,5月6日,5月13日,5月20日,5月27日,6月3日,6月10日,6月17日,6月24日,7月1日,7月8日,7月15日,7月22日,7月29日,8月5日,8月12日,8月19日,8月26日,9月2日,9月9日,9月16日,9月23日,1_day,2_day,3_day,4_day,5_day,6_day,7_day,8_day,9_day,10_day,11_day,12_day,13_day,14_day,15_day,16_day,17_day,18_day,19_day,20_day,21_day,22_day,23_day,24_day,25_day,26_day,27_day,28_day,29_day,30_day
0,0,600000,12.02,11.5,11.43,11.39,11.28,11.71,11.49,12.01,11.32,11.97,11.32,11.24,11.11,11.13,11.47,11.79,12.09,11.68,11.57,11.52,11.58,11.87,11.48,11.37,11.22,11.59,11.28,11.69,12.0,11.95,12.03095741,11.50397814,11.43513098,11.39213544,11.28443565,11.71817591,11.49256499,12.02176251,11.32093923,11.97591675,11.32485165,11.23933055,11.11331045,11.12891069,11.47176601,11.79762623,12.09884002,11.68467707,11.57527795,11.52352134,11.58482938,11.87660819,11.48343296,11.37316336,11.22091243,11.59426175,11.28234846,11.69435664,12.00656627,11.9568724,1.0009115981697172,1.0003459252173912,0.9943592156521739,1.000187483757682,1.0003932313829789,1.0006981989752348,1.0002232367275892,1.0009793930058286,1.0000829708480565,1.000494298245614,1.0004285909893993,0.999940440391459,1.0002979702970298,0.9999021284815812,1.0001539677419353,1.0006468388464802,1.0007311844499587,1.0004004340753425,0.9906373860959429,1.000305671875,1.0004170449050087,1.0005567135636058,1.000299038327526,1.000278219876869,1.0000813217468805,1.0003677092320966,1.0002081968085106,1.0003726809238667,1.0005471891666666,1.0005750962343096
1,1,600016,6.69,6.4,6.45,6.42,6.34,6.56,6.51,6.63,6.28,6.4,6.19,6.08,6.1,6.11,6.2,6.29,6.39,6.35,6.09,6.03,6.0,6.04,5.96,5.78,5.77,5.83,5.81,6.08,6.17,6.09,6.689543014,6.388321171,6.447273709,6.4090499329999995,6.337194877000001,6.559024037,6.503894552,6.630685929,6.262626455,6.381692031,6.192413065,6.06305051,6.102333882999999,6.0909868970000005,6.185107397,6.2898315060000005,6.376738765,6.352450547,6.059038523,6.034276018,5.988014444,6.034829031,5.947940572,5.774332444,5.75930174,5.830344459,5.794784642000001,6.083952461,6.17003397,6.081737265,0.9999316911808669,0.99817518296875,1.00738651703125,0.9982943820872273,0.9995575515772872,0.9998512251524392,0.9990621431643626,1.0001034583710409,0.9972335119426752,0.99713937984375,1.0003898327948304,0.9972122549342105,1.0003826037704917,0.9968881991816694,0.9975979672580645,0.999973212400636,0.9979246893583725,1.0003859129133859,0.9538112068989555,1.0007091240464345,0.9980024073333333,0.9991438793046358,0.9979766060402685,0.9990194539792386,0.9981458821490469,1.0000590838765009,0.9973811776247851,1.0006500758223684,1.0000055056726094,0.9986432290640395
2,2,600019,7.61,7.38,7.32,7.41,7.23,7.76,7.57,7.74,7.19,7.17,6.87,6.76,6.66,6.3,6.3,6.38,6.54,6.5,6.59,6.33,6.27,6.29,6.18,5.89,5.84,5.92,5.81,6.06,6.25,6.17,7.602458197000001,7.361016429,7.310096295,7.391083048,7.220084177,7.756252771000001,7.552028708,7.737250079,7.1679357029999995,7.14782052,6.860868821,6.735083317000001,6.649666579,6.273493997,6.274088487,6.366974945,6.516501643,6.488175678999999,6.56798895,6.3179236560000005,6.24568524,6.277923213999999,6.155858154,5.875898766000001,5.813603098,5.906571982000001,5.785163446,6.047403817,6.2388601910000006,6.1490472160000005,0.999008961498029,0.9974277004065041,0.9905279532520326,0.9974471049932523,0.9986285168741356,0.9995171096649486,0.9976259852047555,0.9996447130490955,0.9969312521557718,0.9969066276150628,0.9986708618631732,0.9963141001479292,0.9984484352852853,0.9957926979365079,0.9958870614285715,0.9979584553291536,0.9964069790519877,0.9981808736923076,1.0123013424649288,0.9980922047393366,0.9961220478468901,0.9980800022257551,0.9960935524271844,0.9976059025466895,0.9954799825342465,0.9977317537162164,0.9957252058519794,0.9979214219471948,0.9982176305600001,0.9966040868719612
3,3,600028,6.08,5.85,5.94,5.98,5.74,5.93,5.82,5.87,5.66,5.68,5.43,5.41,5.39,5.43,5.48,5.21,5.41,5.47,5.42,5.24,5.29,5.28,5.13,4.98,4.97,5.01,4.98,5.15,5.21,5.07,6.071922085,5.849664453,5.931296986,5.980376805,5.729691595,5.921272905,5.819109942000001,5.861649009,5.657779766,5.677399583,5.419084384,5.405374809,5.379233674,5.4255873,5.476283532999999,5.197323245,5.406415578,5.459510537999999,5.417298591000001,5.228378554,5.2864452889999995,5.268896208,5.125446729,4.966981139,4.964378139,4.997786433,4.974845636,5.141732591,5.199517284,5.0655145180000005,0.9986713955592105,0.9999426415384616,1.013896920683761,1.0000630108695652,0.9982041106271777,0.9985283145025297,0.999847069072165,0.9985773439522998,0.999607732508834,0.9995421801056338,0.9979897576427256,0.9991450663585951,0.9980025369202227,0.9991873480662984,0.9993218125912406,0.9975668416506718,0.9993374451016636,0.9980823652650821,0.9922681810564904,0.9977821667938931,0.9993280319470699,0.9978970090909091,0.9991124228070176,0.997385770883534,0.9988688408450704,0.9975621622754491,0.9989649871485944,0.9983946778640777,0.9979879623800383,0.9991152895463511
4,4,600029,8.39,7.81,8.18,8.23,8.55,9.65,8.7,8.88,8.04,8.48,7.62,7.14,7.15,7.19,7.06,7.09,7.58,7.72,7.77,7.44,7.6,7.34,6.97,6.49,6.68,6.76,6.57,6.95,6.99,6.83,8.380516622,7.807256474,8.16912729,8.230950481,8.540610379,9.65000274,8.70815079,8.872610597000001,8.042194041,8.486152552,7.603192182000001,7.133974506,7.12950884,7.185352351000001,7.0548293410000005,7.070453862000001,7.578556642000001,7.706293318999999,7.770833982,7.424965273,7.598106867,7.325264188999999,6.964457704,6.469610238,6.671402464,6.7424333039999995,6.562586283,6.932799005,6.97309432,6.825529735,0.9988696808104887,0.9996487162612037,1.0459830076824586,1.0001154897934388,0.9989017987134502,1.0000002839378237,1.000936872413793,0.9991678600225226,1.0002728906716418,1.0007255367924528,0.9977942496062993,0.999156093277311,0.9971341034965034,0.9993535954102921,0.9992676120396602,0.9972431399153739,0.9998095833773087,0.9982245231865284,1.0083750592312486,0.997979203360215,0.9997509035526316,0.9979923963215258,0.9992048355810618,0.9968582801232665,0.9987129437125749,0.997401376331361,0.9988715803652968,0.9975250366906474,0.9975814477825465,0.9993454956076134
5,5,600030,24.46,24.08,23.81,24.8,24.78,26.0,24.27,24.5,23.59,23.04,20.64,19.64,20.07,20.13,20.07,20.66,23.67,23.81,23.54,23.37,23.18,23.39,21.71,20.79,21.33,22.64,22.32,24.15,24.71,23.34,24.53021947,23.93194971,23.93750532,24.84315608,25.03933077,26.03721108,24.27448984,24.53562916,23.65596469,23.12802499,20.64612081,19.58928795,20.10276948,20.14362552,20.01995438,20.59917781,23.69105414,23.79895024,23.53331555,23.42797941,23.24381017,23.41866903,21.58063825,20.77580031,21.36713895,22.73851973,22.2439732,24.25379954,24.78713906,23.30683797,1.0028707878168437,0.9938517321428573,0.9940824468438538,1.001740164516129,1.0104653256658596,1.0014311953846153,1.0001849954676556,1.0014542514285714,1.0027962988554473,1.0038205290798612,1.000296550872093,0.9974179200610997,1.0016327593423018,1.000676876304024,0.9975064464374689,0.997056041142304,1.0008894862695394,0.9995359193616128,0.9888383862598471,1.0024809332477533,1.0027528114754098,1.0012256960239418,0.9940413749424228,0.9993169942279944,1.0017411603375528,1.004351578180212,0.9965937813620072,1.0042981175983436,1.0031217749898826,0.998579176092545
6,6,600031,10.72,11.08,12.38,12.87,12.78,13.36,12.98,13.13,11.92,12.25,12.45,11.7,12.03,12.07,11.95,12.79,13.13,13.08,12.87,13.13,13.61,14.65,13.93,13.48,13.26,14.11,13.47,14.75,14.75,14.82,10.72933728,11.09720494,12.46265601,12.89085959,12.82465327,13.42705479,13.07285163,13.20544857,11.91277605,12.27699439,12.485641900000001,11.67851583,12.02250319,12.03373453,11.89854873,12.79487625,13.12191696,13.15659337,12.89861374,13.19786561,13.62430487,14.68124365,13.95641751,13.49501055,13.26992481,14.15241979,13.56955602,14.78214407,14.84499186,14.84470927,1.000871014925373,1.0015527924187726,1.1247884485559567,1.0016207917637918,1.003493996087637,1.0050190711077844,1.007153438366718,1.0057462734196496,0.9993939639261745,1.0022036236734695,1.0028628032128515,0.9981637461538463,0.9993768237738987,0.9969954043082021,0.9956944543933055,1.0003812548866302,0.9993843838537699,1.0058557622324158,0.9803916087740272,1.0051687440974866,1.0010510558412933,1.0021326723549489,1.0018964472361809,1.0011135422848665,1.0007484773755655,1.0030063635719348,1.0073909443207127,1.0021792589830507,1.0064401261016949,1.0016672921727394
7,7,600036,32.9,30.78,31.67,32.35,33.92,35.59,34.8,36.0,34.36,34.45,33.61,33.31,33.6,34.21,33.9,35.35,37.69,35.98,36.47,35.4,36.37,37.22,35.75,34.99,35.16,36.27,34.28,35.89,35.29,34.51,32.92498695,30.76539265,31.68617476,32.34412309,33.98279836,35.69039922,34.81041649,36.04739048,34.2942656,34.47110512,33.62141464,33.32387601,33.61360197,34.23645282,33.927476899999995,35.36370457,37.72640188,35.98406054,36.51310252,35.42603345,36.39049711,37.26078978,35.76453109,35.01311562,35.16264987,36.30130538,34.2779695,35.91512447,35.30941768,34.509107799999995,1.000759481762918,0.999525427225471,1.029440375568551,0.9998183335394125,1.0018513667452829,1.0028209952233773,1.0002993244252876,1.001316402222222,0.9980868917345752,1.0006126304789549,1.000339620351086,1.0004165719003302,1.0004048205357141,1.0007732481730487,1.0008105280235988,1.0003876823196607,1.0009658232953038,1.000112855475264,1.0147021201070932,1.0007354081920905,1.0005635718999175,1.0010959102632995,1.000406464055944,1.0006606350385825,1.0000753660409558,1.0008631204852494,0.9999407672112017,1.0007000409584843,1.0005502317937094,0.9999741466241668
8,8,600048,13.35,13.04,13.78,13.94,14.24,14.55,13.9,14.2,13.24,13.49,12.97,12.62,12.57,12.16,12.54,12.88,13.01,12.76,13.54,13.55,14.38,14.48,13.82,13.51,13.85,14.47,13.45,13.77,14.64,14.58,13.40796686,12.93744429,13.80092323,13.90535986,14.25300387,14.53294772,13.76132472,14.11993355,13.22951736,13.48295528,12.94939429,12.5903446,12.59025374,12.14168549,12.562049400000001,12.86831095,13.05677149,12.76032449,13.54041149,13.55147386,14.35849991,14.54241166,13.76751576,13.50090641,13.85756253,14.45729935,13.37260899,13.78986805,14.62164009,14.57817747,1.0043420868913857,0.9921352983128835,1.058353008435583,0.9975150545193688,1.0009131931179776,0.998828021993127,0.990023361151079,0.9943615176056338,0.9992082598187311,0.9994777820607857,0.9984112791056284,0.9976501267828843,1.001611276054097,0.9984938725328948,1.0017583253588518,0.9990924650621117,1.0035950415065333,1.0000254302507838,1.0611337901799707,1.0001087719557196,0.9985048616133518,1.0043101975138122,0.9962022981186686,0.9993268993338269,1.0005460310469314,0.9991222771250863,0.9942460215613383,1.001442850399419,0.9987459077868852,0.9998749979423869
9,9,600050,6.55,6.47,6.91,7.0,6.79,6.91,6.62,7.15,6.71,6.67,6.07,5.85,5.72,5.93,6.08,6.07,6.27,6.16,6.2,5.96,5.93,5.96,5.71,5.29,5.63,6.05,5.85,6.19,6.43,6.19,6.562172229,6.531310812999999,6.962245059,7.042689987,6.798228077,6.935472079,6.649857989,7.154034717999999,6.745190547999999,6.681146342999999,6.099266902999999,5.857095349,5.743170653,5.936074068,6.064404907,6.0859021460000005,6.263386089,6.169925662000001,6.208261372000001,5.968417505,5.94025843,5.971890631,5.716594252999999,5.293527835,5.602736709,6.062360598,5.852164577999999,6.203089003,6.459455734,6.195315742999999,1.0018583555725191,1.0094761689335394,1.0760811528593508,1.0060985695714286,1.0012117933726068,1.0036862632416788,1.004510270241692,1.000564296223776,1.0052444929955289,1.001671115892054,1.0048215655683688,1.0012128801709401,1.0040508134615385,1.001024294772344,0.9974350175986842,1.0026197934102141,0.9989451497607656,1.001611308766234,1.0062133179717394,1.0014123330536913,1.0017299207419899,1.0019950723154363,1.001154860420315,1.0006668875236295,0.9951574971580818,1.0020430740495867,1.0003700133333333,1.0021145400646203,1.0045809850699845,1.0008587630048464
10,10,600104,28.68,26.49,25.78,26.24,26.07,28.61,28.3,29.63,26.58,27.38,26.33,25.48,23.47,23.95,24.56,24.3,25.26,25.5,26.97,23.9,23.71,24.35,24.18,24.38,24.54,24.6,25.08,25.94,25.14,24.66,28.6146856,26.4878593,25.71625397,26.18912704,25.96416427,28.58276692,28.27852678,29.60350341,26.55042637,27.35693569,26.22735504,25.47765075,23.38956108,23.90937708,24.51532446,24.25376386,25.20393856,25.448575199999997,26.95445293,23.84279433,23.6581923,24.29831517,24.16317927,24.32970591,24.50314959,24.53550065,25.02270732,25.86185827,25.11588091,24.63053097,0.997722649930265,0.999919188372971,0.9707910143450359,0.998061243902439,0.9959403248945148,0.9990481272282419,0.999241228975265,0.9991057512656092,0.9988873728367195,0.9991576219868518,0.9961015966578048,0.9999078002354788,0.9965726919471667,0.9983038446764092,0.9981809633550489,0.9980972781893004,0.9977806239113223,0.9979833411764705,1.059173361108248,0.9976064573221758,0.9978149430619991,0.9978774197125255,0.999304353598015,0.9979370758818705,0.9984983533007336,0.997378075203252,0.9977156028708134,0.9969875971472628,0.999040608989658,0.9988049866180048
11,11,600196,28.71,27.58,29.42,29.76,29.78,29.61,30.1,29.72,28.33,29.1,26.5,25.87,25.1,24.74,22.45,23.28,25.22,25.3,26.81,27.13,26.15,27.06,24.9,24.91,25.91,27.5,27.65,28.7,27.45,28.0,28.63141205,27.49970721,29.3453003,29.707413800000005,29.71080077,29.54398885,30.14782937,29.69317479,28.30646548,29.00886584,26.47868564,25.77119755,25.03824446,24.67863602,22.41815967,23.16164466,25.08396504,25.21692183,26.75110347,27.07910309,26.108719100000002,27.00154713,24.84974583,24.79743706,25.82780659,27.43032184,27.59718451,28.62131821,27.45928534,27.92671847,0.9972626976663184,0.9970887313270487,1.064006537345903,0.9982329905913979,0.9976763186702484,0.9977706467409659,1.0015890156146179,0.9990974020861373,0.9991692721496648,0.9968682419243985,0.9991956845283019,0.9961808098183224,0.9975396199203187,0.997519645109135,0.9985817224944321,0.9949160077319588,0.9946060681998414,0.9967162778656127,1.0608393701000738,0.998123962034648,0.998421380497132,0.9978398791574279,0.9979817602409639,0.9954812147731834,0.9968277340795061,0.9974662487272727,0.9980898556962027,0.9972584742160279,1.0003382637522769,0.9973828025
12,12,600276,72.0,69.66,71.52,73.13,65.42,66.14,64.62,64.45,62.33,65.75,64.12,62.76,60.07,62.16,57.98,61.28,65.9,66.0,67.4,66.45,66.02,66.82,66.04,66.88,69.12,76.6,80.05,80.11,78.6,81.5,71.74627951,69.79091176,71.43080697,73.46795251,65.62182222,66.18531750000001,64.56206738,64.17884836,62.3972701,65.51099248,63.87555029,62.85692634,59.73557111,62.08832979,58.01700154,60.91925308,66.07162238,65.673924,67.66974096,66.15736479,66.25556192,66.57891095,66.09378016,66.58422699,69.35580438,76.50035241,80.18830483,80.13119779,78.51961039,81.49865434,0.9964761043055554,1.0018792960091876,1.0254207144702843,1.0046212568029538,1.0030850232344848,1.000685175385546,0.9991034877746827,0.9957928372381691,1.0010792571795284,0.9963649046387832,0.9961876214909544,1.0015443967495221,0.9944326803728983,0.9988470043436295,1.0006381776474647,0.9941131377284594,1.002604284977238,0.9950594545454545,1.0303897930630732,0.9955961593679458,1.0035680387761285,0.9963919627357078,1.0008143573591761,0.9955775566686604,1.0034115217013888,0.9986991176240211,1.0017277305434105,1.0002646085382598,0.9989772314249364,0.9999834888343558
13,13,600309,42.08,37.49,41.03,41.56,45.53,47.43,46.36,47.32,43.99,45.23,42.1,39.82,40.14,38.04,37.81,38.84,41.98,42.79,43.48,42.1,40.52,43.41,43.5,42.94,42.6,42.91,44.71,46.7,46.89,45.17,42.0642221,37.38490583,40.988729799999994,41.51564259,45.53655081,47.46483995,46.37415814,47.34673961,43.97677432,45.23482856,42.04766043,39.76947137,40.06505545,37.96728673,37.7360637,38.75600844,41.94764731,42.74788699,43.45777186,42.05779604,40.46142484,43.37971117,43.4704018,42.91803385,42.54503026,42.8919348,44.68512147,46.70546451,46.89478874,45.14683843,0.999625049904943,0.9971967412643371,1.0933243478260868,0.9989326898460057,1.0001438789808916,1.0007345551338815,1.0003053955996548,1.0005650805156383,0.9996993480336439,1.000106755693124,0.9987567798099762,0.9987310740833751,0.9981329210264076,0.9980885049947423,0.9980445305474742,0.9978374984552008,0.9992293308718438,0.9990158212199112,1.016606314837645,0.9989975306413301,0.9985544136229022,0.9993022614604931,0.9993195816091953,0.9994884455053564,0.9987096305164318,0.999578997902587,0.9994435578170431,1.0001170130620984,1.0001021271059929,0.9994872355545716
14,14,600340,31.04,28.74,30.72,31.27,31.02,31.78,32.52,33.69,30.58,31.42,29.74,30.71,28.8,29.63,29.3,29.98,30.81,32.57,32.72,30.4,30.88,31.0,28.23,26.44,26.05,27.4,26.68,27.42,28.16,27.8,31.146917600000002,28.24532814,30.68028202,31.30546333,31.0182232,31.73747279,32.10564987,33.64325943,30.73972813,31.32593728,29.740387100000003,30.84215807,28.72451254,29.49999651,29.28811506,29.96840316,30.89379131,32.73514528,32.72232762,30.40743203,30.70583156,31.22110328,28.18411303,26.44020001,25.97812447,27.48172332,26.59769632,27.4166119,28.12770222,27.89683339,1.0034445103092784,0.9827880354906056,1.067511552540014,1.0011341007355292,0.999942720825274,0.9986618247325362,0.9872586060885609,0.998612627782725,1.0052232874427731,0.9970062788033099,1.000013016139879,1.0043034213611202,0.9973789076388888,0.9956124370570368,0.9995943706484641,0.9996131807871915,1.0027196140863357,1.0050704722136934,0.999608443466789,1.0002444746710526,0.9943598303108808,1.0071323638709677,0.998374531703861,1.0000075646747353,0.997240862571977,1.0029826029197082,0.9969151544227887,0.9998764369073668,0.9988530617897727,1.0034832154676259
15,15,600519,789.3,737.5,777.3,794.0,853.99,865.0,914.0,952.56,945.0,974.0,907.12,906.79,878.5,890.0,862.13,913.0,976.3,984.0,999.82,986.09,955.87,965.03,954.45,962.03,1054.6,1130.1,1142.0,1142.49,1099.0,1157.42,788.9661887999999,738.3822554999999,776.7599703,795.2272835,854.1899030999999,865.2452437999999,916.0649614,953.7006127000001,947.2254965,976.5023828,907.6142643999999,908.6313999,878.6815671,891.6049810000001,863.5226126,913.4143046,978.5169481,984.8689627,1001.9873,986.9581014,957.5651713999999,965.7248968,955.9887417000001,962.7567637,1056.15894,1133.742191,1144.073556,1145.907978,1100.593676,1159.261614,0.9995770794374762,1.0011962786440678,1.0532338580338982,1.0015456971032746,1.0002340813124275,1.0002835188439305,1.0022592575492342,1.0011974182203747,1.0023550227513227,1.0025691815195072,1.000544872122762,1.0020306795399156,1.000206678542971,1.0018033494382024,1.0016153162516095,1.0004537837897043,1.0022707652360956,1.0008830921747967,1.017381334927106,1.0008803470271477,1.001773432998211,1.0007200779250387,1.001612176331919,1.0007554480629501,1.001478228712308,1.003222892664366,1.0018157232924694,1.0029916918310007,1.0014501146496815,1.0015911371844273
16,16,600585,36.68,35.15,36.72,37.35,38.18,41.95,41.7,42.58,39.49,39.95,38.99,38.95,39.15,39.55,38.28,40.79,40.16,41.5,43.3,41.23,40.51,41.26,38.57,38.36,38.84,40.12,39.43,43.16,42.42,41.93,36.66341915,35.17022245,36.70617486,37.39072329,38.17193366,41.97919045,41.75759505,42.62749009,39.52244881,39.98850149,39.00129643,38.978112599999996,39.15958659,39.57849411,38.29707786,40.81156611,40.19321355,41.51857657,43.35738354,41.24777243,40.53471227,41.27769331,38.58208923,38.35489329,38.84622294,40.12424309,39.444976399999994,43.18019424,42.432145299999995,41.96363348,0.9995479593784079,1.000575318634424,1.0442723999999999,1.0010903156626505,0.9997887286537455,1.0006958390941596,1.0013811762589928,1.0011153144668858,1.0008216968852874,1.0009637419274091,1.0002897263400872,1.000721761232349,1.0002448681992337,1.0007204579013906,1.000446130094044,1.0005287107134102,1.0008270306274902,1.000447628192771,1.0442887767816362,1.0004310557846228,1.0006100288817577,1.0004288247697528,1.0003134360902255,0.9998668740875912,1.000160219876416,1.0001057599700898,1.0003798224702003,1.0004678924930492,1.0002863107024986,1.000802134032912
17,17,600690,17.17,15.72,16.86,16.67,17.11,18.24,17.22,18.36,16.75,17.18,16.43,15.78,16.12,15.9,15.56,16.33,16.98,17.29,17.78,17.31,16.81,16.83,16.18,15.19,14.92,15.24,15.91,16.02,15.94,15.83,17.1414512,15.60760899,16.86607825,16.62181314,17.05659245,18.30434617,17.26389065,18.37788024,16.73436152,17.19432502,16.42275607,15.755354500000001,16.15769395,15.903418099999998,15.56626542,16.29792146,16.94339261,17.28765299,17.82582411,17.27960935,16.79189684,16.81778447,16.20452151,15.18423988,14.89355804,15.20644364,15.91439962,15.98641096,15.90347837,15.79252582,0.9983372859638904,0.9928504446564884,1.0729057410941476,0.9971093665266946,0.99687857685564,1.0035277505482456,1.002548818234611,1.0009738692810457,0.999066359402985,1.0008338195576252,0.9995591034692635,0.9984381812420787,1.0023383343672456,1.0002149748427671,1.0004026619537274,0.9980356068585428,0.9978440877502944,0.9998642562174669,1.0311303749740524,0.998244329867129,0.9989230719809638,0.9992741812240048,1.001515544499382,0.9996207952600396,0.9982277506702413,0.9977981391076115,1.0002765317410434,0.9979033058676655,0.9977088061480552,0.9976327113076437
18,18,600703,14.03,15.51,14.85,15.33,14.67,15.04,14.01,13.15,14.16,13.06,12.16,9.97,9.66,10.72,10.28,10.67,11.51,11.28,11.82,11.08,10.29,11.47,11.39,10.38,11.59,11.02,10.82,11.8,13.54,15.34,13.96550445,15.48374819,14.82814766,15.29317717,14.61256503,14.93586225,13.98941181,13.10100745,14.12540889,13.0475475,12.10140892,9.893603395,9.585405756,10.64794765,10.20780743,10.61094374,11.44721014,11.230678,11.75824043,11.036275,10.21763247,11.43461055,11.32649669,10.33819059,11.5286138,10.98569269,10.75963051,11.77114594,13.52488658,15.31487952,0.9954030256593015,0.9983074268214056,0.956037889103804,0.9975979889106328,0.9960848691206544,0.9930759474734043,0.9985304646680943,0.9962743307984792,0.9975571249999999,0.9990465160796325,0.9951816546052632,0.9923373515546638,0.9922780285714285,0.9932786986940298,0.9929773764591441,0.9944652052483599,0.9945447558644657,0.9956274822695035,1.0469751185102094,0.9960537003610108,0.9929671982507289,0.9969146076721883,0.994424643546971,0.9959721184971098,0.9947035202761001,0.9968868139745918,0.9944205646950092,0.997554740677966,0.9988837946824225,0.9983624198174706
19,19,600837,13.02,14.31,13.76,13.97,14.03,15.82,14.61,14.52,14.3,13.98,12.77,12.09,12.02,12.1,12.58,12.74,14.22,14.19,13.86,13.88,14.09,13.81,13.29,12.58,12.79,13.68,13.66,15.11,16.54,15.18,13.00509032,14.23070864,13.83364841,14.04541748,14.14146252,15.87227071,14.69993145,14.53807305,14.37843068,14.04954182,12.79639834,12.09521317,12.03914363,12.10350393,12.58830916,12.76695775,14.23851801,14.22832336,13.87335989,13.91625729,14.10207425,13.84648886,13.29591185,12.60713703,12.78902222,13.71389421,13.66751571,15.151634,16.59125816,15.19879192,0.9988548632872505,0.9944590244584206,0.9667119783368274,1.005398531138153,1.0079445844618675,1.003304090391909,1.0061554722792607,1.0012447004132232,1.0054846629370628,1.0049743791130186,1.002067215348473,1.0004311968569064,1.0015926480865225,1.0002895809917356,1.0006605055643878,1.0021159929356358,1.0013022510548524,1.0027007300916138,0.9750523332216425,1.002612196685879,1.0008569375443577,1.002642205648081,1.0004448344620016,1.0021571565977743,0.9999235512118844,1.0024776469298244,1.0005501983894582,1.0027553937789544,1.0030990423216444,1.0012379393939395
20,20,600887,27.81,26.35,26.59,27.92,29.11,29.78,30.0,31.14,30.0,31.0,30.26,30.41,29.9,30.01,30.0,31.78,32.32,33.41,33.47,33.83,32.25,32.34,31.14,27.4,28.7,28.6,28.65,29.13,29.75,28.89,27.77955164,26.31767664,26.54968836,27.89644176,29.09866433,29.77606026,29.9991261,31.14320857,29.99517895,31.00474507,30.32372482,30.40695352,29.91030057,29.99506962,30.00980595,31.77958356,32.28915448,33.46645011,33.45614654,33.809917600000006,32.32610032,32.31032789,31.13202363,27.43243335,28.68333066,28.57768937,28.63046209,29.10519255,29.73837875,28.88722764,0.9989051290902554,0.9987733070208727,1.0075783058823529,0.9991562234957019,0.9996105918928203,0.9998677051712559,0.9999708700000001,1.0001030369299935,0.9998392983333333,1.0001530667741936,1.0021059094514209,0.9998998197961196,1.0003445006688965,0.9995024865044985,1.0003268650000001,0.9999868961611076,0.9990456212871287,1.001689617180485,0.999692122410171,0.9994063730416792,1.0023596998449613,0.9990824950525665,0.9997438545279383,1.0011836989051095,0.9994191867595819,0.999219908041958,0.9993180485165796,0.9991483882595263,0.9996093697478992,0.9999040373831776
21,21,601066,22.13,28.04,26.91,24.5,25.55,25.81,24.56,24.14,27.75,23.36,21.84,21.11,22.5,23.0,22.73,20.3,24.53,21.08,20.95,19.73,20.11,19.43,17.89,16.92,16.92,18.64,19.22,23.75,25.96,24.95,21.73772957,30.17593199,26.75043894,24.48657631,26.26406987,25.74841267,24.91127183,24.35233882,28.12536216,23.28581437,22.22142845,20.99187747,22.62451495,23.011163600000003,22.71277788,20.22671746,24.98840339,20.94181807,20.920641,19.66108041,20.13636559,19.52169353,17.55295807,16.79138186,16.79538632,18.69488335,19.11112201,24.21513893,26.17522585,25.1380906,0.982274268865793,1.0761744646932954,0.9540099479315264,0.9994520942857142,1.0279479401174167,0.997613819062379,1.014302598941368,1.00879614001657,1.0135265643243243,0.9968242452910959,1.0174646726190477,0.9944044277593557,1.0055339977777777,1.0004853739130437,0.999242317641883,0.9963900226600985,1.0186874598450875,0.9934448799810247,0.9989887664036994,0.9965068631525595,1.001311068622576,1.0047191729284612,0.9811603169368361,0.9923984550827423,0.9926351252955081,1.0029443857296139,0.9943351722164412,1.0195847970526315,1.0082906721879814,1.0075387014028057
22,22,601088,20.83,20.02,19.98,21.13,19.61,20.48,19.92,20.49,19.37,19.69,18.61,18.47,18.35,18.39,18.86,19.7,20.03,20.38,20.61,19.03,19.23,19.13,18.63,18.06,18.54,18.78,18.69,19.64,19.61,19.6,20.82289039,20.02807448,19.96137461,21.146676199999998,19.5908596,20.47137345,19.9201682,20.48614633,19.36498874,19.68817226,18.58770519,18.46809061,18.32656621,18.3746431,18.85357507,19.68892012,20.05237691,20.39254532,20.60296897,19.00919824,19.16973949,19.144699399999997,18.62530875,18.01869475,18.51876208,18.76638857,18.68763375,19.61907193,19.58968966,19.62363288,0.9996586841094577,1.0004033206793208,0.9970716588411589,1.000789219119735,0.9990239469658339,0.9995787817382813,1.0000084437751002,0.9998119243533432,0.9997412875580796,0.9999071742001016,0.9988019983879636,0.9998966220898756,0.9987229542234332,0.9991649320282762,0.9996593356309651,0.9994375695431472,1.0011171697453818,1.0006155701668302,1.0103186555036672,0.9989068964792432,0.9968663281331254,1.0007683951907997,0.999748188405797,0.9977128875968994,0.9988544811218986,0.9992752167199147,0.9998733948635633,0.99893441598778,0.9989642865884754,1.0012057591836734
23,23,601111,9.87,9.15,9.71,9.86,10.84,11.89,10.7,11.0,9.84,10.15,9.12,8.5,8.36,8.46,8.7,8.73,9.5,9.57,9.67,9.16,9.05,9.05,8.5,7.74,7.89,8.11,7.89,8.39,8.69,8.47,9.874130798,9.14901381,9.712598077,9.86416817,10.85037553,11.90974967,10.71421666,11.01060593,9.84586062,10.15837037,9.115536508,8.494287867,8.348264171,8.454014151,8.697619492000001,8.721866717000001,9.503557791,9.569261712000001,9.674326429,9.156623214,9.048099374,9.046100594,8.494783447,7.727374126,7.879626351000001,8.100131255,7.881985807,8.381294456000001,8.683443531,8.467039012999999,1.000418520567376,0.999892219672131,1.06148612863388,1.0004227352941177,1.0009571522140222,1.00166103195963,1.0013286598130842,1.0009641754545455,1.0005955914634146,1.0008246669950738,0.999510582017544,0.9993279843529412,0.9985961927033494,0.9992924528368794,0.9997263783908048,0.9990683524627721,1.0003745043157894,0.9999228539184954,1.0109793963381988,0.9996313552401747,0.9997899860773479,0.9995691264088398,0.999386287882353,0.9983687501291989,0.9986852155893537,0.9987831387176327,0.9989842594423322,0.9989623904648391,0.9992455156501727,0.9996504147579691
24,24,601138,15.08,15.82,14.86,15.09,14.75,15.84,15.71,17.89,16.01,15.42,14.22,13.2,12.9,13.68,12.83,11.81,12.32,12.05,13.15,12.77,12.46,13.25,12.89,12.29,14.36,14.95,14.21,15.31,15.31,14.49,15.17150781,15.74664968,14.87828194,15.18555178,14.8899529,15.72766937,15.68709123,17.78754471,16.02883873,15.41945329,14.35167188,13.036374,12.91102384,13.65111635,12.7190662,11.84267577,12.2558172,12.09281844,13.03693441,12.86965402,12.35813842,13.34206679,12.72294753,12.362490300000001,14.32072275,15.01004164,14.23585326,15.37630198,15.38793029,14.50263038,1.0060681571618038,0.9953634437420986,0.9404729418457649,1.0063321259111995,1.0094883322033898,0.9929084198232323,0.9985417714831317,0.9942730413638904,1.0011766851967518,0.9999645453955901,1.0092596258790436,0.987604090909091,1.0008545612403101,0.9978886220760235,0.9913535619641466,1.0027667883149871,0.994790357142857,1.0035533975103734,1.0780724505775348,1.0078037603758812,0.9918249133226323,1.0069484369811321,0.9870401497284716,1.0058983157038244,0.9972648154596101,1.0040161632107025,1.0018193708655876,1.0043306322664924,1.0050901561071195,1.0008716618357487
25,25,601166,19.3,17.9,18.44,18.1,18.17,19.28,18.98,20.3,18.95,19.92,18.48,18.29,18.24,17.57,17.86,18.35,18.55,18.29,18.27,18.18,18.41,19.22,18.79,18.6,17.93,18.4,17.17,17.97,17.89,17.57,19.31051281,17.92085861,18.44177853,18.12253453,18.17240793,19.2924234,19.00598126,20.3248886,18.97410016,19.95206012,18.48553239,18.30784516,18.24246582,17.58245398,17.87460037,18.35200153,18.571685000000002,18.28851773,18.28855348,18.17807171,18.42765825,19.22779125,18.80921116,18.60306603,17.94019933,18.4015775,17.17659588,17.96561607,17.88520876,17.57915072,1.000544705181347,1.0011652854748605,1.0302669569832403,1.0012450016574586,1.000132522289488,1.000644367219917,1.001368875658588,1.001226039408867,1.001271776253298,1.0016094437751002,1.0002993717532467,1.0009756785128485,1.0001351875,1.0007088207171315,1.0008174899216125,1.0001090752043595,1.0011690026954179,0.9999189573537453,1.0000019547784316,0.9998939334433444,1.000959166214014,1.0004053720083246,1.0010224140500266,1.0001648403225807,1.0005688416062464,1.0000857336956521,1.0003841514269074,0.9997560417362271,0.9997321833426496,1.000520815025612
26,26,601186,11.55,11.06,11.22,11.7,11.51,12.18,11.76,11.99,10.8,10.84,10.12,9.89,9.38,9.4,9.38,9.77,10.06,9.95,10.07,9.69,10.0,10.02,9.52,9.1,8.98,9.11,9.1,9.97,10.17,9.93,11.56816573,11.05880807,11.19970417,11.70265727,11.52632985,12.20364642,11.76187069,12.01239862,10.79152113,10.83211345,10.12846869,9.873439317999999,9.381994800000001,9.380043854,9.360982914,9.775924485,10.04562978,9.957442533,10.056245800000001,9.69582326,9.985141118,10.02935769,9.502773077999999,9.101472747999999,8.958790888,9.112135283999999,9.081730999,9.985496397999999,10.1823611,9.935428494,1.0015727904761904,0.9998922305605785,1.012631480108499,1.0002271170940171,1.0014187532580365,1.0019414137931035,1.0001590722789115,1.0018681084236865,0.9992149194444443,0.9992724584870848,1.000836827075099,0.9983255124368047,1.0002126652452026,0.9978770057446809,0.9979725921108741,1.0006063955987718,0.9985715487077534,1.0007479932663317,1.0099225545789048,1.000600955624355,0.9985141117999999,1.0009339011976048,0.9981904493697478,1.0001618404395605,0.9976381835189309,1.0002343890230516,0.9979924174725274,1.0015543027081242,1.001215447394297,1.0005466761329305
27,27,601211,19.96,20.01,19.25,19.87,20.15,21.12,20.29,20.21,19.32,18.83,17.47,16.3,16.29,16.07,15.9,16.18,17.73,18.35,18.03,18.07,18.08,18.07,17.29,16.6,16.51,17.37,17.09,18.83,19.29,18.36,19.99514214,19.84458905,19.51012683,19.87363249,20.03181053,21.04209921,20.29898526,20.31485127,19.37467267,18.83275827,17.51854391,16.29769666,16.28826959,16.050361,15.87869306,16.18089353,17.70174225,18.34241852,18.00841522,18.08264426,18.11444537,18.07283521,17.29657198,16.62620281,16.4944935,17.34591666,17.06066599,18.84488095,19.30894589,18.36272554,1.001760628256513,0.9917335857071463,0.975018832083958,1.00018281278309,0.9941345176178661,0.996311515625,1.0004428417939872,1.0051880885700146,1.0028298483436853,1.0001464827403082,1.0027787012020608,0.999858690797546,0.99989377470841,0.9987779091474797,0.9986599408805031,1.0000552243510505,0.9984062182741116,0.9995868403269753,0.9817906619219373,1.0006997376867737,1.0019051642699115,1.0001569014941893,1.000380102949682,1.0015784825301204,0.9990607813446396,0.9986135094991364,0.998283557050907,1.000790278810409,1.000982161223432,1.0001484498910675
28,28,601229,12.47,12.05,12.08,12.02,11.98,12.43,12.51,12.79,12.24,12.67,11.79,11.35,11.41,11.26,11.47,11.63,11.89,11.85,8.97,8.86,8.92,9.22,9.14,9.04,9.08,8.97,9.02,9.19,9.33,9.29,12.51209656,12.04059442,12.11042981,12.01380971,12.00850079,12.46590942,12.50323121,12.83789674,12.22992681,12.66258225,11.82826403,11.33461037,11.43900557,11.24831778,11.46137661,11.65969886,11.88743627,11.87953908,8.963146876,8.839285833,8.914031702,9.206548101000001,9.136324539,9.029886333,9.073950637000001,8.961162871,9.014940451000001,9.185122894,9.316261671,9.293001459,1.0033758267842823,0.9992194539419086,1.005014921991701,0.9994850008319468,1.002379030884808,1.0028889316170555,0.9994589296562749,1.00374485848319,0.9991770269607844,0.99941454222573,1.0032454648006786,0.9986440854625551,1.0025421183172656,0.9989625026642985,0.9992481787271141,1.0025536423043853,0.9997843793103448,1.0024927493670888,0.7545029159498332,0.9976620579006773,0.9993309082959643,0.9985410087852495,0.9995978707877461,0.9988812315265488,0.9993337705947137,0.9990148128205129,0.999439074390244,0.999469302937976,0.998527510289389,1.0003230849300322
29,29,601288,3.85,3.69,3.71,3.72,3.73,3.79,3.74,3.85,3.72,3.76,3.65,3.61,3.69,3.68,3.77,3.76,3.64,3.6,3.65,3.6,3.57,3.59,3.55,3.46,3.42,3.41,3.4,3.49,3.53,3.49,3.849420925,3.687534706,3.708282692,3.717748252,3.7284546610000002,3.789228515,3.737982161,3.8496480039999996,3.7176388910000004,3.757986538,3.648045878,3.6071977289999997,3.6892456589999996,3.677736697,3.7687620010000003,3.758589025,3.63792741,3.59694859,3.64791959,3.597043852,3.56742591,3.5872486510000003,3.547351552,3.456255576,3.4161214419999997,3.406179986,3.3961393980000003,3.486639405,3.527022477,3.486851609,0.9998495909090909,0.9993318986449865,1.0049546590785907,0.9993946913978493,0.9995857,0.9997964419525066,0.999460470855615,0.9999085724675324,0.9993652932795699,0.999464504787234,0.999464624109589,0.9992237476454293,0.9997955715447153,0.9993849720108695,0.9996716183023874,0.9996247406914894,0.9994306071428571,0.999152386111111,1.01417062232741,0.9991788477777778,0.9992789663865547,0.9992336075208915,0.9992539583098592,0.998917796531792,0.9988659187134502,0.9988797612903226,0.9988645288235295,0.9990370787965616,0.9991565090651559,0.9990978822349569
30,30,601318,72.39,68.7,73.85,74.72,77.1,80.2,80.44,87.0,83.11,86.1,81.38,79.1,76.5,79.0,77.11,79.75,87.97,88.61,90.85,88.75,88.35,90.1,86.03,84.35,87.46,89.89,87.32,90.7,92.34,89.85,72.84122142,68.41031953,74.10461455,74.64161715,77.42053177,80.39371842,80.51246962,87.17116257,83.04536568,85.90913044,81.76333363,78.84451515,76.7839245,78.98510321,77.02898879,79.6986745,87.87524265,88.82297587,91.17737645,88.74445292,88.64949523,90.14493083,85.91161911,84.32349428,87.73642968,90.0241013,87.25907887,90.96386054,92.68117365,89.88303421,1.0062332009946124,0.9957833992721978,1.0786697896652109,0.9989509789882227,1.0041573511024644,1.0024154416458853,1.0009009152163104,1.001967385862069,0.9992223039345446,0.9977831642276423,1.0047104157041042,0.9967701030341342,1.003711431372549,0.9998114330379747,0.9989494072104785,0.9993564200626959,0.9989228447197909,1.0024035195801828,1.0265066617836118,0.9999374976901408,1.0033898724391626,1.0004986773584907,0.9986239580378938,0.9996857650266747,1.0031606412074092,1.0014918378017577,0.9993023232936327,1.0029091570011024,1.0036947547108512,1.0003676595436841
31,31,601319,8.76,11.55,9.55,9.99,9.59,10.03,9.55,9.61,9.15,8.59,8.36,8.0,8.25,9.06,8.57,8.93,9.87,9.49,9.44,9.25,9.12,9.04,8.78,8.22,8.33,8.57,8.4,9.15,9.42,9.15,8.876562922,11.65515349,9.441346304,10.04245934,9.844248013,9.989670532,9.721939956,9.598829615,9.127859476,8.695489265,8.409653515,7.942820967,8.245033801,9.104420786,8.549750154,8.860702798,9.881593596,9.452101833,9.454915408,9.2821163,9.128232526,9.013863177000001,8.721118678,8.118990415,8.331390056,8.563204425,8.389954962000001,9.138163699,9.469065041,9.149572205,1.0133062696347033,1.0091041982683981,0.8174325804329003,1.0052511851851853,1.0265117844629823,0.9959791158524427,1.0180041838743454,0.998837629032258,0.9975802706010928,1.01228047322468,1.0059394156698567,0.992852620875,0.9993980364848485,1.0049029565121412,0.9976371241540256,0.9922399549832027,1.0011746297872341,0.9960065155953636,1.0002976665983618,1.0034720324324324,1.000902689254386,0.9971087585176993,0.9932936990888384,0.9877117293187349,1.0001668734693878,0.9992070507584597,0.9988041621428572,0.9987064151912568,1.0052086030785563,0.9999532464480874
32,32,601328,6.59,6.3,6.38,6.39,6.24,6.33,6.29,6.42,6.18,6.26,6.05,5.96,5.99,5.96,6.07,6.17,6.26,6.12,6.18,5.8,5.79,5.78,5.68,5.52,5.45,5.47,5.41,5.57,5.63,5.56,6.590135849,6.305266566,6.378144036,6.395420166,6.237035639,6.328389922,6.293893473,6.419195652999999,6.183298323,6.26374832,6.045480685,5.961285891,5.984936452,5.961387407,6.07272179,6.166154376000001,6.264002115,6.115386646,6.183621232,5.792453973,5.790910919,5.772706029,5.680414034,5.51081945,5.448714082,5.46088061,5.408781625,5.561181812,5.621871874,5.559965968999999,1.0000206144157815,1.0008359628571428,1.0124038152380952,1.0008482262910798,0.9995249421474359,0.9997456432859401,1.000618994117647,0.9998747123052958,1.000533709223301,1.0005987731629393,0.999253005785124,1.00021575352349,0.9991546664440735,1.000232786409396,1.0004484003294893,0.999376722204214,1.0006393154952078,0.9992461839869281,1.01115785312522,0.998698960862069,1.0001573262521588,0.998738067301038,1.0000728933098593,0.9983368568840579,0.9997640517431193,0.9983328354661792,0.9997747920517559,0.9984168423698384,0.9985562831261101,0.9999938793165467
33,33,601336,52.33,49.15,51.25,55.55,53.69,59.11,57.19,64.43,59.1,57.45,53.24,49.86,49.84,51.6,49.17,50.6,54.7,55.03,54.73,54.76,54.2,55.53,54.64,49.87,50.16,52.18,48.23,51.73,52.51,50.58,52.2839485,49.15984482,51.19352514,55.6197919,54.01262131,59.41962483,57.03315637,64.70933642,58.99704905,57.36233923,53.3275591,49.71808695,49.870615,51.70860077,49.19355689,50.47913462,54.72379876,55.03913142,54.88774882,54.63422484,54.46994585,55.30434727,54.68359362,49.60449795,50.43636659,51.98962295,48.32912081,51.58359437,52.38491061,50.68874153,0.9991199789795528,1.000200301525941,1.0415773171922686,1.0012563798379839,1.0060089646116597,1.0052381125021146,0.9972574990382934,1.0043355024057115,0.9982580211505923,0.9984741380330723,1.0016446111945905,0.9971537695547533,1.0006142656500803,1.0021046660852713,1.0004790907057148,0.9976113561264822,1.0004350778793418,1.0001659353080137,0.997249545984932,0.9977031563184807,1.0049805507380074,0.995936381595534,1.0007978334553442,0.9946761169039504,1.0055097007575757,0.9963515321962437,1.0020551691893014,0.9971698119079838,0.9976177987050086,1.002149891854488
34,34,601390,7.46,7.24,7.29,7.38,7.27,7.49,7.4,7.55,7.0,7.04,6.73,6.55,6.45,6.43,6.38,6.47,6.61,6.52,6.6,6.43,6.48,6.44,6.2,5.92,5.93,6.0,6.01,6.29,6.35,6.27,7.456183987999999,7.265171306,7.292204924,7.3741840739999995,7.257209753,7.494351888,7.390060986,7.553573988999999,7.00332835,7.021289996,6.719895595,6.54829081,6.445737352999999,6.413076105,6.366345852,6.478020174,6.594957103,6.5202005220000006,6.590564108,6.427475255,6.462524738,6.43602894,6.194901088,5.913757979,5.912940651,5.998697855,5.998677803,6.28738753,6.344532695,6.253784411,0.9994884702412867,1.003476699723757,1.0072106248618784,0.9992119341463415,0.9982406812929849,1.0005810264352468,0.9986568899999999,1.00047337602649,1.0004754785714287,0.9973423289772727,0.9984986025260029,0.9997390549618321,0.9993391244961239,0.9973679790046657,0.9978598514106584,1.001239594126739,0.9977242213313161,1.0000307549079757,1.0107916291473833,0.9996073491446346,0.997303200308642,0.9993833757763975,0.9991775948387096,0.9989456045608107,0.9971232126475549,0.9997829758333333,0.9981161069883527,0.9995846629570747,0.9991390070866142,0.9974137816586922
35,35,601398,5.85,5.59,5.58,5.58,5.57,5.81,5.73,5.98,5.71,5.81,5.61,5.57,5.7,5.61,5.73,5.74,5.85,5.89,5.67,5.62,5.6,5.69,5.56,5.46,5.5,5.42,5.39,5.52,5.57,5.53,5.857823222,5.597769962,5.555299101,5.571929912000001,5.571682212000001,5.818519097,5.738874328,5.9458790189999995,5.706785987000001,5.822103736,5.607259075,5.570822341,5.689836954,5.61028316,5.729158387999999,5.725616556,5.864038763,5.890042415,5.669653962999999,5.625094927,5.60857323,5.678134315,5.555200523,5.457334437,5.500572128,5.406597014,5.387767267999999,5.512071292999999,5.569432867000001,5.53986981,1.001337302905983,1.001389975313059,0.9937923257602863,0.9985537476702511,1.0003020129263915,1.001466281755594,1.001548748342059,0.994294150334448,0.9994371255691771,1.0020832592082616,0.9995114215686274,1.0001476375224416,0.9982170094736841,1.0000504741532976,0.9998531218150085,0.9974941735191638,1.0023997885470086,1.000007201188455,0.9625828752202626,1.0009065706405693,1.0015309339285716,0.9979146423550088,0.9991367847122302,0.9995118016483516,1.0001040232727272,0.9975271243542435,0.999585764007421,0.9985636400362318,0.9998981807899462,1.0017847757685352
36,36,601601,35.3,32.66,32.89,33.14,34.04,35.62,34.99,39.39,36.21,36.18,33.75,32.57,32.9,34.42,33.88,34.85,37.06,36.51,36.2,37.67,38.78,38.64,37.56,36.85,36.77,40.02,37.8,39.13,38.79,37.2,35.55413552,32.47343639,32.94426965,33.04147493,34.15387667,35.63577704,34.99571954,39.37627813,36.11515995,36.02355242,33.88367811,32.48821672,32.91847545,34.51074014,33.90442235,34.75940596,37.06473444,36.58107985,36.23271782,37.69386872,38.7512891,38.750953499999994,37.40595168,36.82933777,36.79336759,40.155304799999996,37.7112863,39.21074738,38.84220173,37.17351687,1.0071993065155809,0.9942877033067975,1.0087039084507043,0.9970270045262523,1.0033453780846064,1.000442926445817,1.0001634621320377,0.9996516407717695,0.9973808326429162,0.9956758546158099,1.003960832888889,0.9974889996929689,1.0005615638297873,1.0026362620569436,1.0007208485832348,0.9974004579626973,1.0001277506745818,1.0019468597644483,0.9904769888852801,1.0006336267586937,0.999259646725116,1.0028714673913042,0.995898607028754,0.9994392881953867,1.0006355069350013,1.0033809295352323,0.9976530767195767,1.0020635670840787,1.001345752255736,0.9992880879032258
37,37,601628,31.1,28.16,28.75,28.89,28.32,29.35,28.59,31.38,30.08,30.3,27.01,25.35,25.3,26.12,26.07,26.58,28.26,28.32,29.37,30.67,30.13,30.3,29.03,28.17,28.25,29.41,28.85,29.6,29.8,28.97,31.00694568,27.87094861,28.74425391,28.92708217,28.28885132,29.37264738,28.59481515,31.42406336,30.11196464,30.38306054,27.01085764,25.3664367,25.28173589,26.13595921,26.08585211,26.57821471,28.29528694,28.32782983,29.40806088,30.70153656,30.16984859,30.32703389,29.06495763,28.17870655,28.27387248,29.42524983,28.88458457,29.6127711,29.81296891,29.00377674,0.9970078996784566,0.9897353909801136,1.0207476530539774,1.0012835642090687,0.9989001172316384,1.0007716313458261,1.0001684207764951,1.0014041861058,1.0010626542553192,1.0027412719471946,1.000031752684191,1.0006483905325443,0.9992780984189723,1.0006109957886675,1.0006080594553126,0.9999328333333334,1.001248653220099,1.0002764770480226,1.0381332088085338,1.0010282543201825,1.0013225552605378,1.000892207590759,1.0012041898036512,1.0003090717074903,1.000845043539823,1.0005185253315199,1.0011987719237434,1.000431456081081,1.0004351983221476,1.0011659212978943
38,38,601668,6.23,6.03,6.12,6.25,6.12,6.31,6.4,6.6,6.1,6.13,5.73,5.63,5.51,5.61,5.67,5.73,5.86,5.75,6.02,5.85,6.0,6.03,5.78,5.55,5.45,5.56,5.47,5.77,5.83,5.58,6.24156431,5.98179781,6.126365131,6.236286,6.1389725539999995,6.309694015,6.391999049,6.6136925,6.072782376,6.112393976,5.740920199,5.600028187,5.5134995170000005,5.591560116,5.652023031000001,5.713755092,5.842167912000001,5.742436564,6.000740409,5.862036957999999,5.992271785,6.035810639,5.760723576,5.5492126729999995,5.429453291000001,5.563667477999999,5.450605917000001,5.776547337999999,5.84247642,5.5559921789999995,1.0018562295345104,0.9920062703150911,1.0159809504145936,0.99780576,1.0031000905228757,0.9999515079239303,0.9987498514062499,1.0020746212121212,0.9955380944262295,0.9971278916802611,1.0019057938917975,0.9946764097690942,1.0006351210526316,0.9967130331550802,0.9968294587301588,0.997164937521815,0.9969569815699659,0.998684619826087,1.0449815756989527,1.0020575996581196,0.9987119641666666,1.0009636217247098,0.9966649785467128,0.9998581392792792,0.9962299616513762,1.0006596183453236,0.9964544638025596,1.0011347206239167,1.002140037735849,0.9956975231182795
39,39,601688,23.75,22.01,22.52,22.94,22.41,23.62,22.11,21.92,21.3,20.4,18.99,17.92,18.6,18.63,18.75,19.28,23.3,22.32,21.67,20.77,21.17,21.41,19.53,19.13,19.06,19.77,18.96,20.42,20.81,19.67,23.94457708,21.81336216,22.65911987,22.94256585,22.59606153,23.64828701,22.17025502,21.94155881,21.32788931,20.4683217,19.00012467,17.85223527,18.61130903,18.64575933,18.70790665,19.22103032,23.33609459,22.30646018,21.67016147,20.840386499999997,21.23882169,21.43305731,19.437984,19.13751074,19.02675054,19.86783619,18.87473382,20.49235405,20.86675594,19.61382779,1.0081927191578948,0.9910659772830531,1.029492043162199,1.0001118504795117,1.0083026117804552,1.0011975872142251,1.002725238353686,1.0009835223540144,1.0013093572769953,1.0033491029411765,1.0005331579778833,0.9962184860491071,1.0006080123655914,1.0008459114331725,0.9977550213333334,0.9969414066390041,1.0015491240343346,0.9993933772401433,0.9714746891767926,1.0033888541165141,1.003250906471422,1.0010769411489957,0.9952884792626727,1.0003926157867225,0.998255537250787,1.0049487197774405,0.9955028386075948,1.0035432933398627,1.0027273397405094,0.9971442699542449
40,40,601766,9.51,9.14,9.21,9.24,9.1,9.39,9.23,9.4,8.66,8.64,8.21,7.99,7.79,7.91,7.87,8.04,8.18,8.09,8.17,7.88,7.8,8.05,7.71,7.32,7.23,7.28,7.28,7.52,7.69,7.72,9.518505827,9.193401391,9.177142511,9.230723744,9.14181326,9.427918955,9.218645235,9.395743543,8.662795966000001,8.603984716,8.197776624,7.983511579,7.7775540770000005,7.885353424,7.853747667,8.039557913,8.174767209,8.099830024,8.147692883,7.873493701,7.773349606,8.036190384,7.706720661,7.317097782,7.195469961000001,7.274568649,7.275152863,7.516408635,7.685324201,7.691369631000001,1.0008944087276552,1.0058426029540481,1.0040637320568926,0.9989960761904763,1.0045948637362636,1.004038227369542,0.9987697979414951,0.9995471854255319,1.0003228598152425,0.9958315643518517,0.9985111600487209,0.999187932290363,0.9984023205391528,0.9968841243994943,0.9979349005082593,0.9999450140547264,0.9993602944987776,1.0012150833127318,1.0059091189393088,0.9991743275380711,0.9965832828205129,0.9982845197515526,0.9995746642023347,0.9996035221311476,0.9952240609958506,0.9992539353021977,0.9993341844780219,0.9995224248670214,0.9993919637191158,0.9962914029792748
41,41,601800,12.49,12.08,12.49,12.8,12.51,13.68,14.2,14.15,12.44,12.32,11.54,11.16,10.95,10.92,10.83,11.05,11.36,11.32,11.25,10.93,11.07,11.21,10.71,10.24,9.97,10.06,9.98,10.7,10.8,10.7,12.48651388,12.12120948,12.450365099999999,12.79291407,12.59331193,13.77134424,14.25663479,14.11308641,12.40423291,12.33471637,11.52169818,11.09044406,10.93671998,10.93827692,10.84767703,11.02465154,11.33991666,11.35400458,11.24232657,10.90021753,11.0343321,11.23665958,10.68947881,10.23935259,9.94155517,10.05425406,9.952775135,10.67573379,10.77844103,10.70315979,0.9997208871096878,1.0034113807947018,1.0306593625827813,0.9994464117187499,1.0066596266986412,1.0066772105263158,1.0039883654929578,0.9973912657243815,0.9971248319935692,1.0011945105519482,0.9984140537261699,0.9937673888888888,0.9987872127853882,1.0016737106227107,1.0016322280701755,0.997706021719457,0.9982321003521127,1.0030039381625442,0.9901639981547373,0.9972751628545289,0.9967779674796748,1.0023781962533451,0.9980839225023342,0.9999367763671874,0.9971469578736208,0.999428833001988,0.9972720576152304,0.9977321299065421,0.998003799074074,1.0002953074766356
42,42,601818,4.4,4.17,4.13,4.11,4.1,4.23,4.14,4.32,4.09,4.17,3.96,3.87,3.86,3.84,3.92,3.94,4.03,3.81,3.86,3.8,3.78,3.87,3.86,3.77,3.77,3.71,3.76,3.97,3.99,3.96,4.399883016,4.184678758,4.12870392,4.111837225,4.098321034,4.229765662,4.141590628,4.320584309,4.089433358,4.1854089430000005,3.9569523589999998,3.8709613,3.8562587660000003,3.839489535,3.9207254289999995,3.936564113,4.031380073999999,3.8059981210000005,3.859442902,3.79595778,3.7788052139999997,3.86675403,3.859435958,3.766181697,3.7686271739999997,3.70607135,3.758636875,3.967764416,3.987810028,3.960452005,0.9999734127272727,1.0035200858513191,0.9900968633093526,1.0004470133819952,0.999590496097561,0.9999446009456264,1.0003842096618358,1.0001352567129629,0.9998614567237164,1.003695190167866,0.9992303936868686,1.0002483979328165,0.9990307683937825,0.99986706640625,1.0001850584183674,0.999127947461929,1.0003424501240692,0.9989496380577428,1.0140422510208589,0.998936257894737,0.999683919047619,0.9991612480620155,0.9998538751295337,0.9989871875331565,0.9996358551724137,0.998941064690027,0.9996374667553193,0.999436880604534,0.9994511348370927,1.0001141426767677
43,43,601857,7.88,7.66,7.7,7.77,7.6,7.73,7.64,7.66,7.42,7.41,7.28,7.2,7.16,7.15,7.03,7.0,7.03,6.88,6.86,6.67,6.55,6.54,6.33,6.17,6.1,6.12,6.12,6.26,6.28,6.38,7.878186916000001,7.647686988999999,7.710621651,7.767264891,7.584373143,7.723973166,7.636902854,7.657297874,7.421210011,7.402956894,7.276354808,7.189589732999999,7.152530757,7.137603202999999,7.019290291,6.992594716,7.016643352000001,6.872081242999999,6.846666101,6.660575017999999,6.540509536,6.531357745,6.318253842000001,6.1599408239999995,6.086201182999999,6.109407238999999,6.104424007,6.2464928770000006,6.2719879689999996,6.364236507999999,0.9997699131979696,0.9983925573107049,1.006608570626632,0.9996479911196912,0.9979438346052631,0.9992203319534282,0.9995946143979058,0.9996472420365535,1.0001630742587602,0.9990495133603239,0.9994992868131868,0.9985541295833332,0.9989568096368715,0.9982661822377621,0.9984765705547652,0.9989421022857143,0.9981000500711239,0.9988490178779069,0.9963016819648506,0.9985869592203898,0.9985510741984733,0.9986785542813456,0.9981443668246447,0.9983696635332252,0.9977378988524589,0.9982691566993462,0.9974549031045752,0.9978423126198084,0.9987241988853502,0.99752923322884
44,44,601888,64.45,59.55,60.95,64.25,70.08,72.35,71.38,78.64,77.3,77.49,77.15,77.19,75.3,77.39,73.93,79.46,85.04,88.65,86.5,87.71,85.88,89.6,90.47,87.4,90.72,95.28,95.48,94.18,92.39,93.37,64.53744802,59.72982897,60.93470425,64.45256068,70.23141340000001,72.52177891,71.64709218,78.84178712,77.60804193,77.86056972,77.29322690000001,77.47849837,75.43385886,77.66812313,74.16273675,79.61998201,85.34171391,88.88227066,86.75543214,87.94076159999999,86.14487925,89.81988748,90.74630233,87.64773946,90.94517996,95.59444237,95.7245219,94.47699599,92.66394422,93.58589041,1.0013568350659425,1.0030197979848867,1.0232528001679262,1.0031526954085603,1.0021605793378996,1.0023742765722183,1.0037418349677782,1.0025659603255341,1.0039850184993533,1.0047821618273327,1.0018564731043422,1.0037375096515093,1.0017776741035858,1.0035937864065125,1.0031480691194372,1.0020133653410521,1.0035479058090309,1.0026200864072194,0.9760712850357326,1.0026309611218789,1.003084294946437,1.0024541013392858,1.0030540768210456,1.002834547597254,1.0024821424162258,1.003300192800168,1.0025609750733138,1.003153493204502,1.002965085182379,1.0023122031701832
45,45,601939,7.34,6.91,7.03,7.03,6.95,7.44,7.22,7.62,7.26,7.44,7.0,6.92,7.01,6.98,7.16,7.22,7.41,7.44,7.54,7.17,7.25,7.36,7.21,7.14,7.09,7.01,6.9,7.11,7.14,7.08,7.348881611,6.883535846,7.030054016,7.022653466,6.953737492999999,7.454056886,7.216852945,7.623204415,7.253070006000001,7.441303566,7.002640695,6.909276779,7.008237395,6.975635482,7.1572854370000005,7.21538142,7.399897875,7.4384355410000005,7.544421594,7.1748387010000005,7.249910805,7.352002551,7.198989559,7.134148731,7.086122062,7.009215542000001,6.893555836,7.105743602,7.134690582,7.079781624,1.0012100287465941,0.9961701658465991,1.0173739531114327,0.998954973826458,1.0005377687769783,1.0018893663978494,0.9995641198060943,1.0004205269028872,0.9990454553719009,1.000175210483871,1.0003772421428572,0.9984504015895953,0.9997485584878745,0.9993747108882521,0.9996208710893856,0.9993603074792244,0.9986366902834007,0.9997897232526882,1.014248433345401,1.0006748536959555,0.9999876972413793,0.9989133900815217,0.9984728930651873,0.9991804945378151,0.9994530411847673,0.9998880944365194,0.9990660631884057,0.9994013504922644,0.9992563840336135,0.9999691559322034
46,46,601988,3.9,3.75,3.79,3.8,3.77,3.89,3.87,4.03,3.86,3.89,3.75,3.73,3.79,3.88,3.72,3.73,3.77,3.74,3.75,3.72,3.67,3.7,3.64,3.56,3.57,3.54,3.53,3.63,3.66,3.61,3.902690805,3.752073022,3.780148961,3.8050466010000004,3.777138448,3.8928524319999998,3.8759099139999997,4.011829911,3.856696687,3.898366073,3.743343401,3.734252403,3.78895529,3.8798937810000003,3.749809303,3.7260326989999997,3.76706124,3.740993432,3.7481090960000003,3.716397795,3.666880372,3.693205933,3.637166741,3.5585673460000002,3.5696443139999996,3.535986957,3.5211558139999997,3.623705676,3.660573695,3.613533037,1.0006899500000002,1.0005528058666666,1.0080397229333333,1.001328052894737,1.0018934875331564,1.000733273007712,1.0015271095607234,0.9954912930521093,0.9991442194300518,1.0021506614395888,0.9982249069333334,1.0011400544235924,0.9997243509234829,0.9999726239690723,1.0080132534946236,0.9989363804289544,0.9992204880636605,1.0002656235294116,1.0019020787203565,0.9990316653225806,0.9991499651226159,0.9981637656756757,0.9992216321428572,0.9995975691011236,0.9999003680672268,0.9988663720338983,0.9974945648725212,0.998266026446281,1.0001567472677595,1.0009786806094183
47,47,601989,5.33,5.1,5.2,5.32,5.84,6.65,6.32,6.69,5.77,5.67,5.28,5.05,4.98,5.13,5.0,5.29,5.43,5.56,6.3,5.92,5.95,5.95,5.75,5.76,5.87,5.92,6.08,6.09,6.06,5.9,5.338471181,5.123780098,5.202615713,5.334466394,5.81208848,6.678026226,6.345780209,6.72081255,5.785851188,5.705253816,5.2950991830000005,5.055642966000001,4.991172443,5.13556527,5.0045464310000005,5.303875778,5.438534956,5.575754607,6.3047373229999994,5.941633465,5.961430087,5.97317413,5.745237443,5.7991617170000005,5.87545734,5.912394117000001,6.088438513,6.139660233,6.107093892999999,5.915298226,1.0015893397748592,1.0046627643137256,1.0201207280392157,1.002719246992481,0.9952206301369864,1.0042144700751878,1.0040791469936707,1.0046057623318385,1.0027471729636048,1.0062176042328042,1.00285969375,1.0011174190099013,1.0022434624497991,1.0010848479532164,1.0009092862000002,1.002623020415879,1.0015718151012891,1.0028335624100722,1.1307415349816163,1.0036543015202704,1.00192102302521,1.003894811764706,0.9991717292173913,1.006798909201389,1.0009297001703577,0.9987152224662164,1.0013879133223684,1.0081543896551723,1.0077712694719472,1.0025929196610168
48,48,603259,89.89,93.56,93.65,96.87,93.82,93.12,96.25,92.95,88.29,88.52,78.28,80.46,79.71,79.2,77.17,82.2,85.06,86.68,65.92,63.5,64.95,67.2,63.86,65.18,71.9,82.57,86.7,82.16,80.64,84.5,89.23330628,93.48072272,93.34986893,96.71742399,92.88545006,92.14352674,96.93832917,93.08037785,87.5299833,88.17933359,77.99954890000001,80.25646468,79.31620047,78.87995157,76.67595709,82.34129961,84.87276954,86.49622045,63.263337,62.64145106,65.09169792,67.14180359,62.88112652,65.0434907,72.55430885,83.646775,86.69929558,81.70357068,80.05800196,84.85153559,0.9926944741350539,0.9991526584010261,0.9977540501282599,0.9984249405388664,0.9900389049243232,0.9895138180841924,1.0071514718961039,1.0014026664873588,0.9913918144750253,0.9961515317442386,0.996417333929484,0.997470353964703,0.9950595969138126,0.995958984469697,0.99359799261371,1.0017189733576641,0.9977988424641429,0.9978797929164742,0.731400015756411,0.9864795442519685,1.0021816461893764,0.9991339819940475,0.9846715709364234,0.997905656643142,1.00910026216968,1.0130407533002304,0.9999918752018454,0.9944446285296982,0.9927827624007937,1.0041601844970414
49,49,603993,4.79,4.76,4.76,4.78,4.66,5.07,4.85,4.85,4.37,4.21,4.0,3.92,3.88,4.03,3.86,4.02,4.11,3.96,4.01,3.85,3.88,3.61,3.65,3.84,3.73,3.58,3.59,3.7,3.78,3.73,4.770650408,4.742064196,4.737254448,4.763288663,4.637649446,5.0548474830000005,4.833721118,4.833953201,4.349710323,4.187381277,3.9779782,3.89603254,3.856450545,4.008009493,3.837348343,3.9985389939999996,4.089762756,3.941026618,3.9892149580000003,3.831123455,3.8579960989999997,3.590615302,3.627328045,3.8190973660000003,3.711204144,3.5581097089999996,3.570574447,3.6801799639999997,3.7613303460000003,3.7119555980000003,0.9959604192066805,0.99623197394958,0.9952215226890756,0.9965039043933054,0.9952037437768241,0.9970113378698225,0.996643529484536,0.9966913816494846,0.9953570533180778,0.9946273817102138,0.99449455,0.9938858520408164,0.9939305528350516,0.9945432985111663,0.9941316950777203,0.9946614412935323,0.9950760963503649,0.995208741919192,1.0122273571510296,0.9950970012987013,0.9943288914948453,0.9946302775623268,0.9937885054794521,0.9945566057291668,0.9949608965147453,0.9938853935754188,0.9945889824512535,0.9946432335135134,0.9950609380952382,0.9951623587131369
